id,sentence_en,sentence_zh,grammar,new_words,extend_words,extend_note,phrases,review_note,covered_ids
1,"I am Lucy, and we are in Seaview, our new town. Our new home is a house, and there is a gate on the garden wall.",我是露西，我们来到了海边小镇 Seaview，这就是我们的新家。我们的新家是一栋房子，花园的围墙上有一道门。,be 动词随主语变化：I 用 am，we 用 are，单数主语用 is。there be 表示“某处有某物”：There is a gate。介词 in / on 表示位置：in Seaview、on the garden wall。our 是物主代词“我们的”。,"I|/ai/|pron|我; be|/bi:/|v|是，表示，在; and|/ænd/|conj|和，与; we|/wi:/|pron|我们; in|/in/|adv & prep|进入，在...期间，朝里; our|/'auə/|det|我们的; new|/nju:/|adj|新的，陌生的，最近的; town|/taun/|n|城镇; home|/həum/|n & adv|家，在家，避难所; a, an|/ei/|art|一（个）; house|/haus/|n|房子，住宅; there|/ðeə/|adv|在那里; on|/ɒn/|prep & adv|在...之上，上去; the|/ðə/|det|这，那（定冠词）",garden|/'gɑ:dn/|n|花园，果园，菜园; gate|/geit/|n|大门，栅栏门; wall|/wɒ:l/|n|墙，墙壁,房屋与院落（锚词：house）,in our new town|在我们的新小镇里; our new home|我们的新家; on the garden wall|在花园的围墙上,第 1 天：新学，无回读。,"1,45,99,520,523,616,625,634,645,851,898,911,1292,1299,1350,1423,1433"
2,"This is your new bedroom, Tom. It is a big room, and you have got a window here. There is a small door, and the kitchen floor is new.",这是你的新卧室，汤姆。它是个大房间，你这里有一扇窗户。这里有一扇小门，厨房的地板也是新的。,there be 表示“某处有某物”：There is a small door。have got 表示“拥有”，主语 you 后用 have got；have 与 have got 同义。it 作代词，指前面提到的 bedroom。,this|/θis/|det & pron|这，这个; your|/juə/|det|你的，你们的; bedroom|/'bedrum/|n|卧室; it|/it/|pron|它; big|/big/|adj|大的，重要的; room|/ru:m/|n|房间；空间; you|/ju:/|pron|你，你们; have|/hæv/|v|有，怀有，拿; have got|/hæv gɔt/|v|拥有; window|/'windəu/|n|窗户; here|/hiə/|adv|在这里，此时，这里; small|/smɒ:l/|adj|小的; door|/dɒ:/|n|门; kitchen|/'kitʃin/|n|厨房，全套炊具; floor|/flɒ:/|n|地板；楼层,bathroom|/'bɑ:θru:m/|n|浴室，厕所; toilet|/'tɒilit/|n|厕所，洗手间; hall|/hɒ:l/|n|门厅，走廊，会堂,更多房间（锚词：room）,your new bedroom|你的新卧室; a big room|一个大房间; the kitchen floor|厨房的地板,今日回读：请重新朗读背诵第 1 天的句子。本句复现：第 1 天的 be 动词（is）、there be 句型（There is）以及 the / a / and / new。,"98,106,119,354,479,577,585,586,601,669,698,1070,1168,1312,1336,1466,1494,1496"
3,"This is our family. She is our mother, and he is our father. They are our parents. Tom is the son and our baby brother. I am the sister.",这是我们的全家。她是我们的妈妈，他是我们的爸爸。他们是我们的父母。汤姆是儿子，是我们最小的弟弟。我是姐姐。,人称代词与 be 动词搭配：she is / he is / they are。our 是形容词性物主代词，表示“我们的”，后接名词。our baby brother 指“家里最小的弟弟”（汤姆七岁），不是婴儿。,family|/'fæməli/|n|家庭，家人，族; she|/ʃi:/|pron|她; mother|/'mʌðə/|n|母亲; he|/hi:/|pron|他; father|/'fɑ:ðə/|n|父亲; they|/ðei/|pron|他们，它们; parent|/'perənt/|n|父（母）亲; son|/sʌn/|n|儿子; baby|/'beibi/|n|婴孩; brother|/'brʌðə/|n|兄弟; sister|/'sistə/|n|姐妹,"dad|/dæd/|n|爸爸，爹爹; mummy|/'mʌmi/|n|妈妈; grandpa|/'grænpɑ:, 'grændpɑ:/|n|爷爷，老太爷，外公; grandma|/'grændmɑ:/|n|奶奶，外婆 || daughter|/'dɒ:tə/|n|女儿; aunt|/ɑ:nt/|n|阿姨，姨妈，舅妈",家庭称呼（锚词：father）；女儿与姑姨（锚词：sister）,our family|我们的家庭; our baby brother|我们最小的弟弟; our parents|我们的父母,今日回读：请重新朗读背诵第 1、2 天的句子。本句复现：第 1 天的 be 动词与 our / the / and / I；第 2 天的 this。,"78,83,162,309,318,437,448,550,552,588,820,832,929,1118,1146,1188,1301"
4,"This is me in my new room. My furniture is here: my bed, desk, chair, lamp and clock. A sofa, table, cupboard and fridge are in the hall.",这是在新房间里的我。我的家具都在这儿：我的床、书桌、椅子、台灯和钟。沙发、桌子、碗柜和冰箱还在门厅里。,"形容词性物主代词 my 修饰名词，表示“我的”：my bed、my new room。并列名词短语列举时，只在第一个名词前加限定词（my bed, desk, chair, lamp and clock）。介词 in 表示位置：in my new room、in the hall。",me|/mi:/|pron|我; my|/mai/|det|我的; furniture|/'fənitʃə/|n|家具; bed|/bed/|n|床，睡眠处，河床; desk|/desk/|n|书桌，课桌; chair|/tʃeə/|n|椅子; lamp|/læmp/|n|灯; clock|/klɒk/|n|时钟，钟; sofa|/'səufə/|n|沙发; table|/'teibl/|n|桌子；表格; cupboard|/'kʌpbɒ:d/|n|橱柜，碗柜; fridge|/fridʒ/|n|电冰箱,bookshelf|/'bukʃelf/|n|书架; shelf|/ʃelf/|n|架子，搁板; pillow|/'piləu/|n|枕头; blanket|/'blæŋkit/|n|毛毯，毯子,收纳与床品（锚词：bed）,in my new room|在我的新房间里; my bed and desk|我的床和书桌; in the hall|在门厅里,今日回读：请重新朗读背诵第 2、3 天的句子。本句复现：第 1 天的 in / the / a / new / home；第 2 天的 this、room、here；第 3 天的 our。,"105,127,136,217,253,304,332,506,517,706,779,837,970,1120,1180,1263"
5,"Open the box from Grandma, Tom, and put the things in your room. Carry the heavy bag with me, and close that empty box. This bag is for you.",汤姆，把奶奶寄来的箱子打开，把里面的东西放到你的房间里。和我一起搬这个很重的包，再把那个空箱子合上。这个包是给你的。,祈使句用动词原形开头，表示请求或命令：Open…、Carry…、close…。介词 with 表示“和……一起”（with me），for 表示“给……”（for you），from 表示“来自……”（from Grandma）。,open|/'əupən/|adj & v|开着的；打开; box|/bɒks/|n|盒子，箱，方框; from|/frɒm/|prep|从，来自，根据; put|/put/|v|放，摆; thing|/θiŋ/|n|东西，事物; carry|/'kæri/|v|携带，被携带，运送; heavy|/'hevi/|adj|重的，巨大的，沉重的; bag|/bæg/|n|袋子，袋状物; with|/wið/|prep|和…在一起；用; close|/kləuz/|v|关，关闭；合上; empty|/'empti/|adj & v|空的；倒空; for|/fɒ:/|prep|为，因为，至于,wallet|/'wɒlit/|n|皮夹，钱包; purse|/pɜ:s/|n|钱包; key|/ki:/|n|钥匙；键；答案,随身小物（锚词：bag）,open the box|打开箱子; put the things in your room|把东西放进你的房间; a heavy bag|一个很重的包,今日回读：请重新朗读背诵第 1、3、4 天的句子。本句复现：第 1 天的 be 动词与 the / and / in；第 2 天的 your / room / this / you；第 3 天的 grandma（扩展词）；第 4 天的 me。,"87,149,201,254,397,489,510,596,691,904,1020,1022,1303,1424,1473"
6,"Our new place is near an old bridge and a river. There is a park, a shop and a supermarket near the road, and a hill near us.",我们的新家附近有一座旧桥和一条河。路边有公园、商店和超市，我们身边还有一座小山。,"介词 near 表示“在……附近”：near an old bridge、near us。there be 后接并列名词（There is a park, a shop and a supermarket）。old 作定语修饰名词；us 是宾格，作介词 near 的宾语。",place|/pleis/|n|地方，地点; near|/niə/|adv & prep|近的；接近; old|/əuld/|adj|老的，旧的，古老的; bridge|/bridʒ/|n|桥，舰桥，桥梁; river|/'rivə/|n|河，江; park|/pɑ:k/|n & v|公园；停车; shop|/ʃɒp/|n & v|商店；购物; supermarket|/'sju:pəmɑ:kit/|n|超级市场，超市; road|/rəud/|n|路，道路; hill|/hil/|n|小山，丘陵，小土堆; us|/ʌs/|pron|我们,market|/'mɑ:kit/|n|市场，集市; bookshop|/'bukʃɒp/|n|书店,更多场所（锚词：shop）,near the road|在路边; an old bridge|一座旧桥; near us|在我们附近,今日回读：请重新朗读背诵第 2、4、5 天的句子。本句复现：第 1 天的 our / new / the / a / and 与 be 动词、there be；第 2 天的 room 家族方位表达。,"137,157,605,772,844,896,930,975,1065,1066,1125,1247,1402"
7,"Hello! Welcome! My name is Lucy, and Mr and Mrs Carter are the parents of Tom and me. We are glad to meet our nice neighbour at Seaview. Goodbye!",你好！欢迎！我叫露西，卡特先生和卡特太太是汤姆和我的父母。我们很高兴在 Seaview 认识我们这位好邻居。再见！,问候与道别用语：Hello / Welcome / Goodbye。of 表示所属关系：the parents of Tom and me。介词 at + 地点表示“在……（地点）”：at Seaview。形容词 nice 作定语修饰 neighbour。,hello|/hə'ləu/|exclam|喂，嘿; welcome|/'welkəm/|v|欢迎; name|/neim/|n|名字，名称; Mr|/'mistə(r)/|n|先生，存储器回收程序，多重请求; Mrs|/'misiz/|n|太太; of|/ɒv/|prep|的，属于; glad|/glæd/|adj|高兴的，喜欢的，情愿的; to|/tu:/|prep|到，向; meet|/mi:t/|v|遇见；会面; nice|/nais/|adj|美好的，令人愉快的; neighbour|/'neibə/|n|邻居; at|/æt/|prep|在，向，对; goodbye|/gud'bai/|exclam|再见,please|/pli:z/|v & exclam|请；使高兴; thank|/θæŋk/|v|谢谢，感谢; sorry|/'sɒri/|adj|难过的；抱歉的; cheers|/tʃiəz/|exclam|干杯！；再见！; pardon|/'pɑ:dn/|exclam|请再说一遍；原谅,礼貌用语（锚词：hello）,nice to meet you|很高兴认识你; Mr and Mrs Carter|卡特先生和卡特太太; at Seaview|在 Seaview,今日回读：请重新朗读背诵第 3、5、6 天的句子。本句复现：第 1 天的 I / we / our / the / and 与 be 动词；第 3 天的 family 相关称呼；第 4 天的 my / me。,"74,224,534,543,598,785,828,829,839,848,858,889,928,986,1191,1291,1331,1444"
8,"Our neighbour's cat is three, and the dog by our door is five, not eight. Tom's age is seven, and he is a boy. I am a girl.",我们邻居家的猫三岁，我们家门口的狗五岁，不是八岁。汤姆的年龄是七岁，他是男孩。我是女孩。,数词 three / five / eight / seven 作表语。名词所有格用 's：Tom's age、our neighbour's cat。be 动词的否定式 is not。介词 by 表示“在……旁边”：by our door。,cat|/kæt/|n|猫; three|/θri:/|num|三; dog|/dɒg/|n|狗; by|/bai/|prep|被；由；乘（交通工具）; five|/faiv/|num|五; not|/nɒt/|adv|不，非，未; eight|/eit/|num|八; age|/eidʒ/|n|年龄; boy|/bɒi/|n|男孩; girl|/gɜ:l/|n|女孩,"one|/wʌn/|pron, det & num|一，任何人，一个; two|/tu:/|num|二; four|/fɒ:/|num|四; six|/siks/|num|六; seven|/'sevn/|num|七; nine|/nain/|num|九; ten|/ten/|num|十",基数词 1-10（锚词：five）,by our door|在我们门边; Tom's age|汤姆的年龄; the cat and the dog|猫和狗,今日回读：请重新朗读背诵第 1、4、6、7 天的句子。本句复现：第 1 天的 be 动词与 a / the / and / our；第 2 天的 door；第 3 天的 he；第 7 天的 neighbour。,"25,150,179,205,350,385,475,497,532,861,877,900,1109,1150,1279,1315,1387"
9,"Our neighbour has no children. I am twelve, not fifteen, not twenty, not zero. My father is a man, and my mother is a woman: they are adults.",我们邻居家没有孩子。我十二岁，不是十五岁，不是二十岁，也不是零岁。我的爸爸是男人，妈妈是女人：他们是成年人。,数词 eleven–twenty 表示十一到二十。no + 名词 = not any：no children（没有孩子）。名词不规则复数：child → children。be 动词否定用 is not / am not。,no|/nəu/|det & exclam|不，没有; child|/tʃaild/|n|孩子，儿童; twelve|/twelv/|num|十二; fifteen|/'fif'ti:n/|num|十五; twenty|/'twenti/|num|二十; zero|/'ziərəu/|n|零; man|/mæn/|n|男人，人类，人; woman|/'wumən/|n|女人，妇女; adult|/'ædʌlt/|adj & n|成年人；成年的,eleven|/i'levn/|num|十一; thirteen|/'θɜ:'ti:n/|num|十三; fourteen|/'fɒ:'ti:n/|num|十四; sixteen|/'siks'ti:n/|num|十六; seventeen|/sevn'ti:n/|num|十七; eighteen|/'ei'ti:n/|num|十八; nineteen|/.nain'ti:n/|num|十九,基数词 11-20（锚词：twelve）,no children|没有孩子; a man and a woman|一位男士和一位女士; my father and mother|我的爸爸和妈妈,今日回读：请重新朗读背诵第 2、5、7、8 天的句子。本句复现：第 1 天的 be 动词与 our；第 3 天的 father / mother / parents；第 4 天的 my；第 7 天的 neighbour。,"13,229,386,393,456,498,766,862,866,1110,1151,1307,1374,1376,1475,1499"
10,"The colour of my new schoolbag is blue. I have got a red pen, a yellow pencil, a rubber, a ruler and a sharpener from the shop.",我的新书包是蓝色的。我从商店买到了一支红笔、一支黄铅笔、一块橡皮、一把尺子和一个卷笔刀。,形容词作表语（The colour is blue）和定语（a red pen、a yellow pencil）。of 结构表示所属：the colour of my new schoolbag。have got 表示“拥有”，后接并列名词。,colour|/'kʌlə/|n|颜色，面色，颜料; schoolbag|/'sku:lbæg/|n|书包; blue|/blu:/|adj|蓝色的；忧郁的; red|/red/|adj|红色的; pen|/pen/|n|钢笔，笔，笔调; yellow|/'jeləu/|adj|黄色的；黄色; pencil|/'pensl/|n|铅笔，色笔，眉笔; rubber|/'rʌbə/|n|橡皮; ruler|/'ru:lə/|n|尺子; sharpener|/'ʃɑ:pnə/|n|卷笔刀,green|/gri:n/|adj|绿色的; black|/blæk/|adj|黑色的; white|/hwait/|adj|白色的; grey|/grei/|adj|灰色的，阴沉的; pink|/piŋk/|adj|粉红色的; purple|/'pɜ:pl/|adj|紫色的,常见颜色（锚词：blue）,a red pen|一支红笔; the colour of my schoolbag|我书包的颜色; from the shop|从商店买来的,今日回读：请重新朗读背诵第 3、6、8、9 天的句子。本句复现：第 1 天的 new / a / the；第 2 天的 have got；第 4 天的 my；第 5 天的 from；第 6 天的 shop；第 7 天的 of。,"126,130,270,558,559,944,946,972,1019,1052,1073,1074,1093,1117,1455,1490"
11,"At school, my classmate Lily and I do our lessons in my class with my teacher Miss Green. My classroom has twenty pupils, books, notebooks, dictionaries, crayons and scissors.",在学校里，我和我的同学莉莉一起在我们班上课，我们的老师是格林小姐。我的教室里有二十名学生，还有书、笔记本、词典、蜡笔和剪刀。,一般现在时表示经常做的事：do our lessons。with 表示“和……一起”。名词复数在词尾加 -s：pupils、books、crayons。have / has 表示“有”，主语是第三人称单数时用 has。,school|/sku:l/|n|学校; classmate|/'klɑ:smeit/|n|同班同学; do|/du:/|v|做，进行，完成; lesson|/'lesn/|n|课，课业，教训; class|/klɑ:s/|n|班级，阶级，种类; teacher|/'ti:tʃə/|n|教师; classroom|/'klɑ:sru:m/|n|教室; pupil|/'pju:pl/|n|学生; book|/buk/|n & v|书，登记，书籍; notebook|/'nəutbuk/|n|笔记本; dictionary|/'dikʃənəri/|n|字典，词典; crayon|/'kreiən/|n|蜡笔; scissors|/'sizəz/|n pl|剪刀,text book|/tekst buk/|n|课本，教科书; page|/peidʒ/|n|页，页面; diary|/'daiəri/|n|日记 || class member|/klɑ:s 'membə/|n|同班同学,书籍与纸页（锚词：book）；同班同学（锚词：classmate）,my classmate Lily|我的同学莉莉; do our lessons|上课、做功课; in my classroom|在我的教室里,今日回读：请重新朗读背诵第 4、7、9、10 天的句子。本句复现：第 1 天的 in / the / and 与 be 动词；第 4 天的 my；第 9 天的 twenty；第 10 天的文具同族词（pen、pencil、schoolbag）。,"135,242,244,245,246,294,333,334,348,723,879,921,1018,1092,1095,1272,1288"
12,"Art is my favourite subject, and mathematics is difficult, not easy. We have got Chinese, geography, history, music and science at school.",美术是我最喜欢的科目，数学很难，不容易。我们在学校要学语文、地理、历史、音乐和科学。,favourite 作定语修饰名词：my favourite subject。difficult 和 easy 作表语。学科名首字母要大写：Art、Mathematics、Chinese、Geography。have got 后接并列名词。,art|/ɑ:t/|n|艺术，人文科学，技术; favourite|/'feivərit/|adj|喜爱的，宠爱的; subject|/'sʌbdʒekt/|n|科目，学科；主题; mathematics|/.mæθə'mætiks/|n|数学; difficult|/'difikəlt/|adj|困难的; easy|/'i:zi/|adj|容易的; Chinese|/tʃai'ni:z/|adj & n|中国的；中国人；汉语; geography|/dʒi'ɒgrəfi/|n|地理（学）; history|/'histəri/|n|历史; music|/'mju:zik/|n|音乐，乐曲; science|/'saiəns/|n|科学,term|/tɜ:m/|n|学期；术语；期限; course|/kɒ:s/|n|课程；过程; studies|/'stʌdiz/|n pl|学习，学业,学期与课程（锚词：subject）,my favourite subject|我最喜欢的科目; difficult and easy|难和容易; at school|在学校,今日回读：请重新朗读背诵第 5、8、10、11 天的句子。本句复现：第 1 天的 and 与 be 动词；第 2 天的 have got；第 4 天的 my；第 7 天的 at；第 11 天的 school。,"65,231,291,338,382,449,524,610,775,834,1094,1234,1236,1284"
13,"I get up at seven in the morning, and I am hungry and thirsty. I go down and eat my breakfast, but Tom is not up. I go out.",我早上七点起床，又饿又渴。我下楼吃早饭，可是汤姆还没起床。我出门去上学。,一般现在时描述每天固定的作息：I get up / I go / I eat。get up、go down、go out 是动词短语。and 表并列，but 表转折。be 动词的否定式：is not up（还没起来）。,get|/get/|v|得到，到达，获得; get up|/get ʌp/|phr v|起床，起身; up|/ʌp/|prep & adv|向上；在上面; morning|/'mɒ:niŋ/|n|早晨，上午; hungry|/'hʌŋgi/|adj|饥饿的，荒年的，渴望的; thirsty|/'θɜ:sti/|adj|口渴的; go|/gou/|v|去，走；进行; down|/daun/|adv & prep|向下，下去; eat|/i:t/|v|吃; breakfast|/'brekfəst/|n|早餐; but|/bʌt/|conj|但是; out|/aut/|adv|在外；熄灭,lunch|/lʌntʃ/|n|午餐; dinner|/'dinə/|n|晚餐，正餐; supper|/'sʌpə/|n|晚餐; meal|/mi:l/|n|一餐，饭,一日三餐（锚词：breakfast）,get up in the morning|早上起床; eat my breakfast|吃早饭; go out|出门,今日回读：请重新朗读背诵第 6、9、11、12 天的句子。本句复现：第 1 天的 in / the 与 be 动词；第 3 天的 Tom；第 4 天的 my；第 7 天的 at；第 8 天的 seven。,"156,176,341,357,383,527,531,538,630,760,780,818,914,1248,1306,1400"
14,"In my lesson there are eight questions: who, what, where, when, why, which, whose and how. I have got the answers.",我的课上有八个问题：谁、什么、在哪里、什么时候、为什么、哪一个、谁的、怎么样。我有了这些问题的答案。,疑问词 who / what / where / when / why / which / whose / how 是提问时开头的词。there be 表示“存在有”，have got 表示“拥有”。whose 后面接名词表示“……的”。,question|/'kwestʃən/|n|问题; who|/hu:/|pron|谁; what|/hwɒt/|det & pron|什么; where|/hweə/|adv|在哪里; when|/hwen/|adv|何时，当…时候; why|/hwai/|adv|为什么; which|/hwitʃ/|det & pron|哪一个; whose|/hu:z/|pron|谁的; how|/hau/|adv|如何，怎样，多少; answer|/'ɑ:nsə/|n & v|答案，回答，反驳,anybody|/'enibɒdi/|pron|任何人; anyone|/'eniwʌn/|pron|任何人; anything|/'eniθiŋ/|pron|任何事; anywhere|/'enihweə/|adv|无论何处 || somebody|/'sʌmbɒdi/|pron|有人，某人; someone|/'sʌmwʌn/|pron|有人，某人; something|/'sʌmθiŋ/|pron|某事，某物; somewhere|/'sʌmhweə/|adv|某处,any- 不定代词（锚词：who）；some- 不定代词（锚词：who）,eight questions|八个问题; in my lesson|在我的课上; the answers|这些答案,今日回读：请重新朗读背诵第 7、10、12、13 天的句子。本句复现：第 1 天的 there be；第 2 天的 have got；第 4 天的 my；第 8 天的 eight；第 11 天的 lesson。,"49,52,53,54,56,627,1027,1183,1184,1185,1187,1449,1451,1452,1453,1456,1458,1459"
15,"Today is Monday. My week has five weekdays and a weekend: Friday is my favourite. Now, before my daily lesson, I eat breakfast, and then, after it, I go home.",今天是星期一。我的一周有五个工作日和一个周末：星期五是我最喜欢的日子。现在，在上每天那节课之前我先吃早饭，然后下课后回家。,星期名首字母大写：Monday、Friday。时间副词 now / then / today 的位置。before 和 after 表示时间先后：before my lesson、after it。week 由 weekday（工作日）和 weekend（周末）组成。,today|/tə'dei/|n & adv|今天；当今; Monday|/'mʌndi/|n|星期一; week|/wi:k/|n|星期，周; weekday|/'wi:kdei/|n|工作日，平日; weekend|/'wi:kend/|n|周末; Friday|/'fraidi/|n|星期五; now|/nau/|adv|现在，刚才，目前; before|/bi'fɒ:/|adv & prep|在前，在...之前; daily|/'deili/|adj & adv|每日的，每日地，日常的; then|/ðen/|adv|然后；当时; after|/'ɑ:ftə/|adv & prep|后来，在...之后，由于,Tuesday|/'tju:zdi/|n|星期二; Wednesday|/'wenzdi/|n|星期三; Thursday|/'θɜ:zdi/|n|星期四; Saturday|/'sætədi/|n|星期六; Sunday|/'sʌndi/|n|星期日,星期名（锚词：Monday）,five weekdays|五个工作日; my favourite weekday|我最喜欢的工作日; after my lesson|上完课之后,今日回读：请重新朗读背诵第 8、11、13、14 天的句子。本句复现：第 2 天的 has（have 的第三人称单数）；第 4 天的 my；第 8 天的 five；第 11 天的 lesson；第 12 天的 favourite；第 13 天的 morning / breakfast / go / eat。,"20,107,310,505,811,882,1087,1245,1298,1320,1333,1368,1439,1440,1441,1442"
16,"Yesterday was Monday, and now it is September. My birthday has got a date: it is in October, and it is soon. A year has twelve months.",昨天是星期一，现在已经是九月了。我的生日有确切的日期：就在十月，很快就要到了。一年有十二个月。,月份名首字母大写：September、October。was 是 be 动词的过去式，常与 yesterday 连用。have got 的第三人称单数形式是 has got。a year 与 twelve months 是单复数的对照。,yesterday|/'jestədi/|n & adv|昨天; September|/sep'tembə/|n|九月; birthday|/'bɜ:θdei/|n|生日; date|/deit/|n|日期；约会; October|/ɒk'təubə/|n|十月; soon|/su:n/|adv|不久，很快; year|/jiə/|n|年，年度; month|/mʌnθ/|n|月，月份,January|/'dʒænjuəri/|n|一月; February|/'februəri/|n|二月; March|/mɑ:tʃ/|n|三月; April|/'eiprəl/|n|四月; May|/mei/|n|五月; June|/dʒu:n/|n|六月; July|/dʒu:'lai/|n|七月; August|/ɒ:'gʌst. 'ɒ:gəst/|n|八月; November|/nəu'vembə/|n|十一月; December|/di'sembə/|n|十二月,月份名（锚词：September）,twelve months|十二个月; my birthday|我的生日; in October|在十月,今日回读：请重新朗读背诵第 1、9、12、14、15 天的句子。本句复现：第 2 天的 have got（has got）；第 4 天的 my；第 9 天的 twelve；第 15 天的 Monday / now / today 这组时间词。,"60,77,123,317,322,450,676,686,688,771,777,814,881,888,1108,1190,1489,1492"
17,"I always eat too much; usually Tom eats few meals, sometimes many, never much. We all eat every morning: we both are often so very hungry, we each eat breakfast.",我总是吃得太多；汤姆通常只吃很少几顿，有时吃很多，但从不多吃。每天早上我们一家人都要吃：我们俩常常饿得厉害，我们每个人都吃早饭。,频率副词 always / usually / often / sometimes / never 通常放在实义动词前、be 动词后。every + 单数名词（every morning），each 和 both / all 可放在主语后作同位语（we each / we both / we all）。few 修饰可数名词复数，many 修饰可数名词复数，much 表示不可数数量；so / very / too 表示程度。,"always|/'ɒ:lweiz/|adv|总是，始终; usually|/'ju:ʒuəli/|adv|通常; often|/'ɒ:fn/|adv|经常，常常; sometimes|/'sʌmtaimz/|adv|有时; never|/'nevə/|adv|从不，决不，不曾; every|/'evri/|det|每一，所有的; each|/i:tʃ/|det & pron|每个，各; all|/ɒ:l/|det & pron|全部; both|/bəuθ/|pron & det|两者; many|/'meni/|det, adj & pron|许多的，许多; much|/mʌtʃ/|adj, det, pron & adv|许多的，大量的; few|/fju:/|det & adj|很少的，不多的，少数的; very|/'veri/|adv|非常; too|/tu:/|adv|也；太; so|/səu/|conj & adv|所以，如此，因此","lot|/lɒt/|n|许多，大量; lots|/lɔts/|n|大量，许多，一堆; little|/'litl/|adj, det & pron|小的，很少的，幼小的",数量词（锚词：many）,eat too much|吃得太多; few meals|很少几顿; every morning|每天早上,今日回读：请重新朗读背诵第 2、10、13、15、16 天的句子。本句复现：第 3 天的 Tom；第 13 天的 morning / eat / breakfast；第 16 天的 month 之外的时间词家族。,"31,38,145,376,411,454,740,751,752,769,831,850,893,1177,1186,1340,1406,1410"
18,"Everything's for everybody and everyone. None of them is for him. Their things are everywhere, and my bag is nowhere. Nothing's here, and nobody and no one are at school.",所有的东西都是给大家的。它们当中没有一个是要给他的。他们的东西到处都是，我的包却哪儿都找不到。这里什么都没有，也没有人在学校。,不定代词作主语时谓语用单数：Everything's（= Everything is）、Nothing's（= Nothing is）。none of + 复数代词，谓语用单数 is。them 和 him 是宾格，their 是形容词性物主代词。,everything|/'evriθiŋ/|pron|每件事物，所有事物; everybody|/'evribɒdi/|pron|每个人，人人; everyone|/'evriwʌn/|pron|每个人，人人; none|/nʌn/|pron|没有人，无一物，并无一个; them|/ðem/|pron|他们，她们，它们; him|/him/|pron|他; their|/ðeə/|det|他们的; everywhere|/'evrihweə/|adv|各处，到处; nowhere|/'nəuhweə/|adv|无处，到处都无; nothing|/'nʌθiŋ/|pron|没有什么，没有东西; nobody|/'nəubɒdi/|pron|无人，没有人; no one|/nəu wʌn/|pron|没有人,mine|/main/|pron|我的; yours|/juəz/|pron|你的（东西），你们的（东西）; hers|/hɜ:z/|pron|她的; ours|/'auəz/|pron|我们的; theirs|/ðeəz/|pron|他们的（东西）,物主代词（锚词：their）,none of them|它们当中没有一个; for everybody|给大家; my bag is nowhere|我的包哪儿都找不到,今日回读：请重新朗读背诵第 3、11、14、16、17 天的句子。本句复现：第 4 天的 my；第 5 天的 for；第 11 天的 at school；第 13 天的 here 与 there be 家族。,"412,413,414,415,602,606,801,867,869,872,880,883,912,1294,1295,1296,1497"
19,"I like games, love my kite and enjoy funny cartoons. My hobby's my kite: I play with it because it is fun. My doll and toys are interesting, not boring.",我喜欢游戏，爱我的风筝，也喜欢好玩的卡通片。我的爱好就是风筝：我玩风筝，因为它很有趣。我的娃娃和玩具都很有意思，一点也不无聊。,like / love / enjoy 后面接名词，表示喜好。because 引导原因：because it is fun。interesting、boring、funny 是形容词，可作表语（are interesting）或定语（funny cartoons）。play with 表示“玩……”。,"like|/laik/|v, prep & adv|喜欢；像，如; game|/geim/|n|游戏；比赛; love|/lʌv/|n & v|爱，热爱; kite|/kait/|n|风筝; enjoy|/in'dʒɒi/|v|享受，喜欢，欣赏; funny|/'fʌni/|adj|好笑的，有趣的，滑稽的; cartoon|/kɑ:'tu:n/|n|卡通画，漫画; hobby|/'hɒbi/|n|爱好，业余爱好; play|/plei/|v & n|玩耍；比赛；剧本; because|/bi'kɒ:z/|conj|因为; fun|/fʌn/|n|乐趣，玩笑，娱乐; doll|/dɒl/|n|玩具娃娃; toy|/tɒi/|n|玩具; interesting|/'intristiŋ/|adj|有趣的; boring|/'bɒ:riŋ/|adj|无聊的，令人厌烦的",,,my hobby|我的爱好; funny cartoons|有趣的卡通片; play with my kite|放风筝、玩风筝,今日回读：请重新朗读背诵第 4、12、15、17、18 天的句子。本句复现：第 4 天的 my；第 5 天的 with；第 8 天的 not；第 11 天的复数名词（games、cartoons 同类）。,"103,141,202,351,401,515,516,518,612,661,699,734,754,982,1351"
20,"Our school has a library, a gym and a playground. The staff meeting is in the office. My group has a computer and a keyboard. My internet project is online.",我们学校有图书馆、体育馆和操场。教职工会议在办公室开。我们小组有一台电脑和一个键盘。我的网络课题是在网上做的。,学校场所名词：library、gym、playground、office。have / has 表示“有”，主语为第三人称单数时用 has。in + 地点表示位置。online 与 internet 都表示“在网上”。,library|/'laibrəri/|n|图书馆，藏书，库; gym|/dʒim/|n|体育馆；健身房; playground|/'pleigraund/|n|操场，游乐场; staff|/stɑ:f/|n|全体职员; meeting|/'mi:tiŋ/|n|会议，会面; office|/'ɒfis/|n|办公室; group|/gru:p/|n|团体，组，团; computer|/kəm'pju:tə/|n|电脑，电子计算机; keyboard|/'ki:bɒ:d/|n|键盘; internet|/'intənet/|n|互联网; project|/'prɒdʒekt/|n|计划，项目; online|/ˌɒnˈlaɪn/|adj & adv|在线的；联网的,,,a library and a gym|图书馆和体育馆; the staff meeting|教职工会议; online on the internet|在网上,今日回读：请重新朗读背诵第 5、13、16、18、19 天的句子。本句复现：第 1 天的 our / in / the / and；第 2 天的 has（have）；第 4 天的 my；第 11 天的 school / classroom 这组场所词。,"276,562,571,663,692,727,786,892,902,984,1016,1209"
21,"I am sitting and writing, and Tom is standing and reading. Look and see: the dog is walking and watching, and we are listening to music, making a kite.",我坐着写东西，汤姆站着看书。快看：狗一边走一边张望，我们在听音乐，还在做风筝。,现在进行时 be + 动词-ing，表示此刻正在进行的动作：am sitting、is reading。Look and see! 用来提醒对方注意。listen 后要接 to：listen to music。,sit|/sit/|v|坐; write|/rait/|v|书写，写; stand|/stænd/|v|站，站立；忍受; read|/ri:d/|v|读，阅读; look|/luk/|v|看，看起来；表情; see|/si:/|v|看见；明白; walk|/wɒ:k/|v|走路，步行; watch|/wɒtʃ/|n & v|手表；观看; listen|/'lisn/|v|听，倾听，听从; make|/meik/|v|制造，开始，安排,look at|/luk æt/|phr v|看，注视; look for|/luk fɒ:/|phr v|寻找，期待; look out|/luk aut/|phr v|当心，留神; look after|/luk 'ɑ:ftə/|phr v|照顾，照看 || listen to|/'lisn tu:/|prep phr|听,look 短语家族（锚词：look）；listen 短语（锚词：listen）,sit and write|坐着写字; listen to music|听音乐; look and see|去看一看,今日回读：请重新朗读背诵第 6、14、17、19、20 天的句子。本句复现：第 1 天的 be 动词与 the / and；第 3 天的 Tom；第 4 天的 my；第 7 天的 to；第 8 天的 dog；第 11 天的 music；第 19 天的 kite。,"737,738,744,745,746,747,748,764,1046,1104,1147,1213,1422,1429,1485"
22,"My favourite sport is football, and my club has a team. We play basketball, volleyball, table-tennis, tennis, badminton and baseball. Sam is a player with the ball in the match.",我最喜欢的运动是足球，我的俱乐部有一支球队。我们打篮球、排球、乒乓球、网球、羽毛球和棒球。萨姆是比赛中带球的队员。,球类运动名前不加冠词：play football、play basketball。have / has 表示“有”。并列列举用 and 连接最后一个词，前面用逗号隔开。,sport|/spɒ:t/|n|运动; football|/'futbɒ:l/|n|足球，橄榄球; club|/klʌb/|n|俱乐部；球棒; team|/ti:m/|n|队，组; basketball|/'bɑ:skitbɒ:l/|n|篮球; volleyball|/'vɒlibɒ:l/|n|排球; table-tennis|/'teɪbəl tenɪs/|n|乒乓球; tennis|/'tenis/|n|网球; badminton|/'bædmintən/|n|羽毛球运动; baseball|/'beisbɒ:l/|n|棒球; player|/'pleiə/|n|运动员；选手；玩家; ball|/bɒ:l/|n|球；球状物; match|/mætʃ/|n|比赛；火柴；相配,golf|/gɒlf/|n|高尔夫球; hockey|/'hɒki/|n|冰球，曲棍球; bat|/bæt/|n|球拍；蝙蝠; racket|/'rækit/|n|球拍,球类补充（锚词：football）,play football|踢足球; a football player|足球运动员; in the match|在比赛中,今日回读：请重新朗读背诵第 7、15、18、20、21 天的句子。本句复现：第 4 天的 my；第 5 天的 with；第 12 天的 favourite；第 19 天的 play；第 20 天的 has。,"86,89,94,95,96,261,487,541,613,774,983,1035,1204,1264,1273,1280,1417"
23,"I could not swim before, and now I can. I can dance, sing, draw and ride. Tom can jump, climb, kick and throw a ball.",以前我不会游泳，现在我会了。我会跳舞、唱歌、画画和骑（车、马）。汤姆会跳、会爬、会踢球、会扔球。,can / could 表示能力，后面接动词原形。could 是 can 的过去式，could not 表示“过去不能”。now 与 before 对比，说明能力的变化。,could|/kud/|v|可以，能; swim|/swim/|v|游泳; can|/kæn/|n & v|能，会；罐头; dance|/dæns. dɑ:ns/|n & v|跳舞，舞蹈，舞会; sing|/siŋ/|v|唱，唱歌; draw|/drɒ:/|v|画；拉；抽出; ride|/raid/|n & v|骑，乘坐; jump|/dʒʌmp/|v|跳，跳跃; climb|/klaim/|v|攀登，上升，爬; kick|/kik/|v|踢; throw|/θrəu/|v|投，掷，抛,dancer|/'dɑ:nsə/|n|舞蹈演员；跳舞的人; singer|/'siŋə/|n|歌手; artist|/'ɑ:tist/|n|艺术家，画家,艺术表演者（锚词：dance）,can swim|会游泳; sing and dance|唱歌跳舞; throw a ball|扔球,今日回读：请重新朗读背诵第 8、16、19、21、22 天的句子。本句复现：第 3 天的 Tom；第 8 天的 not；第 15 天的 now / before；第 22 天的 ball。,"67,188,252,288,311,312,362,687,693,1062,1143,1144,1259,1317"
24,"Be careful and quiet at school, and be fast, not slow: we must not be late, and we have to hurry. We should stop, wait and be early.",在学校要细心、要安静，动作要快不要慢：我们不能迟到，必须抓紧时间。我们应该停下来等一等，还要早到。,must 表示“必须”，must not 表示“不许”；have to 也表示“必须”，强调客观要求；should 表示“应该”。祈使句 Be careful! / Be quiet! 用来提醒别人。fast / slow / quiet / careful / early / late 作表语用。,careful|/'keəful/|adj|小心的，谨慎的; quiet|/'kwaiət/|adj|安静的; fast|/fɑ:st/|adj & adv|快的；快地; slow|/sləu/|adj|慢的; must|/mʌst/|v|必须，一定; late|/leit/|adj & adv|迟的，很晚，晚的; have to|/ˈhæv tə/|v|不得不，只好，只得; hurry|/'hʌri/|v|匆忙，催促; should|/ʃud/|v|应该; stop|/stɒp/|n & v|停止；车站; wait|/weit/|v|等候，等待; early|/'ɜ:li/|adj & adv|早的，很早，早熟的,carefully|/'keəfuli/|adv|仔细地; quick|/kwik/|adj|快的，迅速的; quickly|/'kwikli/|adv|快地,方式副词（锚词：careful）,be careful|小心点; be quiet|保持安静; at school|在学校,今日回读：请重新朗读背诵第 9、17、20、22、23 天的句子。本句复现：第 1 天的 be 动词与 and；第 7 天的 at；第 8 天的 not；第 11 天的 school。,"196,197,378,445,587,631,711,836,1028,1029,1030,1131,1166,1222,1418"
25,"Bingo is my pet: my favourite animal. On the farm there are cows, horses, ducks, chickens, a rabbit and a mouse, and the farmer has a bird and a fish.",宾果是我的宠物，也是我最喜欢的动物。农场里有奶牛、马、鸭子、鸡、一只兔子和一只老鼠，农场主还养着一只鸟和一条鱼。,名词复数：cow→cows、horse→horses、duck→ducks、chicken→chickens。mouse 的复数是 mice（本句用单数 a mouse），fish 单复数同形。there be 与 have / has 都表示“有”。,pet|/pet/|n|宠物; animal|/'æniməl/|n|动物; farm|/fɑ:m/|n|农场，农田; cow|/kau/|n|奶牛，母牛; horse|/hɒ:s/|n|马; duck|/dʌk/|n|鸭子; chicken|/'tʃikin/|n|小鸡，鸡肉; rabbit|/'ræbit/|n|兔子; mouse|/maus/|n|老鼠；鼠标; farmer|/'fɑ:mə/|n|农民; bird|/bɜ:d/|n|鸟，羽毛球; fish|/fiʃ/|n & v|鱼，钓，捕鱼,parrot|/'pærət/|n|鹦鹉; bear|/beə/|n|熊; camel|/'kæml/|n|骆驼,动物补充（锚词：animal）,my pet|我的宠物; on the farm|在农场里; a bird and a fish|一只鸟和一条鱼,今日回读：请重新朗读背诵第 10、18、21、23、24 天的句子。本句复现：第 1 天的 there be 与 the / and；第 2 天的 has；第 4 天的 my；第 8 天的 dog 同族宠物词；第 12 天的 favourite。,"47,101,122,184,228,293,372,442,443,472,620,824,932,956,1033"
26,"At the zoo there are huge elephants, wild lions, tigers, monkeys and snakes. The insects are tiny: Tom has got a dinosaur book. I see a dolphin and a whale.",动物园里有巨大的大象，还有野生的狮子、老虎、猴子和蛇。昆虫很小；汤姆有一本恐龙书。我看见一条海豚和一头鲸。,huge 与 tiny 是一对反义词，可作定语也可作表语。wild 表示“野生的”：wild lions。名词复数：elephant→elephants、monkey→monkeys。there be 与 have got 表示“有”。,zoo|/zu:/|n|动物园; huge|/hju:dʒ/|adj|巨大的; elephant|/'elifənt/|n|象; wild|/waild/|adj|野生的；野性的; lion|/'laiən/|n|狮子; tiger|/'taigə/|n|老虎; monkey|/'mʌŋki/|n|猴子; snake|/sneik/|n|蛇; insect|/'insekt/|n|昆虫; tiny|/'taini/|adj|极小的; dinosaur|/'dainəsɒ:/|n|恐龙; dolphin|/'dɒlfin/|n|海豚; whale|/hweil/|n|鲸,fly|/flai/|n & v|飞；苍蝇,昆虫与飞虫（锚词：insect）,at the zoo|在动物园; huge elephants|巨大的大象; a wild animal|一只野生动物,今日回读：请重新朗读背诵第 11、19、22、24、25 天的句子。本句复现：第 1 天的 there be 与 the / and；第 2 天的 has got；第 3 天的 Tom；第 11 天的 book；第 21 天的 see。,"342,353,392,481,628,653,736,813,1172,1325,1329,1448,1462,1500"
27,"My favourite food is noodles and soup, and I eat bread with butter and cheese. Tom eats rice with meat and potatoes, and he eats an egg.",我最喜欢的食物是面条和汤，我吃面包时要涂黄油和奶酪。汤姆吃米饭配肉和土豆，他还要吃一个鸡蛋。,不可数名词没有复数，前面不用 a / an：bread、rice、meat、cheese、butter、soup。可数名词 egg、potato 有复数形式。with 表示“配着、和……一起”。,food|/fu:d/|n|食物，养料; noodles|/'nu:dlz/|n pl|面条; soup|/su:p/|n|汤; bread|/bred/|n|面包; butter|/'bʌtə/|n|奶油，黄油; cheese|/tʃi:z/|n|乳酪; rice|/rais/|n|米，米饭; meat|/mi:t/|n|肉，餐，食物; potato|/pə'teitəu/|n|马铃薯，土豆; egg|/eg/|n|蛋，卵,salt|/sɒ:lt/|n|盐; sugar|/'ʃugə/|n|糖; oil|/ɒil/|n|油；石油; pepper|/'pepə/|n|胡椒粉，胡椒，辣椒,调味品（锚词：butter）,my favourite food|我最喜欢的食物; bread with butter|涂黄油的面包; rice with meat|肉配米饭,今日回读：请重新朗读背诵第 12、20、23、25、26 天的句子。本句复现：第 3 天的 Tom；第 4 天的 my；第 5 天的 with；第 12 天的 favourite；第 13 天的 eat / eats。,"154,177,225,384,485,782,870,894,951,1004,1060,1084,1193,1240"
28,"In our new home we eat a lot of fruit: apples, bananas, oranges, grapes and strawberries. Tom likes mangoes and lemons, and I like vegetable salad.",在我们的新家里，我们吃很多水果：苹果、香蕉、橙子、葡萄和草莓。汤姆喜欢芒果和柠檬，我喜欢蔬菜沙拉。,可数名词复数变化：apple→apples；以辅音字母 + y 结尾的 strawberry→strawberries。a lot of 表示“很多”，后面接名词。like 后接名词表示喜好，主语是第三人称单数时用 likes。,fruit|/fru:t/|n|水果，果类，结果; apple|/'æpl/|n|苹果; banana|/bə'nɑ:nə/|n|香蕉; orange|/'ɒ:rindʒ/|adj & n|橙子；橙色（的）; grape|/greip/|n|葡萄，葡萄树; strawberry|/'strɒ:bəri/|n|草莓; mango|/'mæŋgəu/|n|芒果; lemon|/'lemən/|n|柠檬; vegetable|/'vedʒətəbl/|n|蔬菜; salad|/'sæləd/|n|色拉，沙拉,peach|/pi:tʃ/|n|桃子; pear|/peə/|n|梨; carrot|/'kærət/|n|胡萝卜; onion|/'ʌnjən/|n|洋葱,更多果蔬（锚词：fruit）,a lot of fruit|很多水果; apples and bananas|苹果和香蕉; vegetable salad|蔬菜沙拉,今日回读：请重新朗读背诵第 13、21、24、26、27 天的句子。本句复现：第 1 天的 our / new / home / in；第 3 天的 Tom；第 13 天的 eat；第 17 天的 a lot of；第 19 天的 like / likes。,"58,90,200,512,555,720,768,901,908,942,943,1082,1230,1409"
29,"I drink water, milk and juice, and my mother drinks tea and coffee. Tom drinks cola and a milkshake, and he loves ice cream, chocolate and cake.",我喝水、牛奶和果汁，妈妈喝茶和咖啡。汤姆喝可乐和奶昔，他还特别爱吃冰淇淋、巧克力和蛋糕。,drink 的第三人称单数形式是 drinks。water、milk、tea、coffee、ice cream、chocolate、cake 通常作不可数名词；a milkshake 是 a + 可数名词。love 比 like 语气更强。,drink|/driŋk/|n & v|饮料；喝; water|/'wɒ:tə/|n|水; milk|/milk/|n|奶，牛奶; juice|/dʒu:s/|n|果汁；汁; tea|/ti:/|n|茶；茶叶; coffee|/'kɒfi/|n|咖啡; cola|/'kəulə/|n|可乐; milkshake|/ˈmɪlkʃeɪk/|n|奶昔; ice cream|/ais kri:m/|n|冰淇淋; chocolate|/'tʃɒkəlit/|n|巧克力; cake|/keik/|n|蛋糕，块，饼,biscuit|/'biskit/|n|饼干; sweet|/swi:t/|n & adj|糖果；甜的; honey|/'hʌni/|n|蜂蜜; jam|/dʒæm/|n|果酱；堵塞,甜味点心（锚词：cake）,drink water|喝水; a milkshake|一杯奶昔; ice cream and cake|冰淇淋和蛋糕,今日回读：请重新朗读背诵第 14、22、25、27、28 天的句子。本句复现：第 3 天的 mother / Tom；第 4 天的 my；第 19 天的 loves（love）；第 27 天的食物词家族（food、bread）。,"124,182,233,264,265,366,618,636,675,685,797,798,1258,1270,1430"
30,"My diary has got my time for tonight and tomorrow: seven o'clock, half past eight a.m., a quarter to nine p.m., an hour, a minute, a second and a moment.",我的日记里写着我今晚和明天的时间：七点整、上午八点半、晚上差一刻九点，还有一小时、一分钟、一秒钟和片刻。,整点用 o'clock（at seven o'clock）；半点用 half past + 小时（half past eight）；差一刻用 a quarter to + 小时。a.m. 表示上午，p.m. 表示下午。hour / minute / second / moment 都是时间单位词。,time|/taim/|n|时间；次，回; tonight|/tə'nait/|n & adv|今晚，今夜; tomorrow|/tə'mɒ:rəu/|n & adv|明天; o'clock|/ə'klɔk/|adv|…点钟; half past|/hɑ:f pɑ:st/|prep phr|…点半; a.m.|/ˌeɪ ˈem/|adv|上午，午前; quarter|/'kwɒ:tə/|n|四分之一；一刻钟; p.m.|/ˌpiː ˈem/|adv|下午，午后; hour|/auə/|n|小时，钟头; minute|/'minit. mai'nju:t/|n|分，分钟，片刻; second|/'sekənd/|n & adj|第二（的）；秒; moment|/'məumənt/|n|片刻，瞬间,midnight|/'midnait/|n|午夜，子夜，半夜; noon|/nu:n/|n|正午，中午,一天中的时刻（锚词：time）,seven o'clock|七点整; half past eight|八点半; a quarter to nine|差一刻九点,今日回读：请重新朗读背诵第 15、23、26、28、29 天的句子。本句复现：第 2 天的 has got；第 4 天的 my；第 8 天的 seven / eight；第 9 天的 nine / twelve 数字家族；第 11 天的 diary（扩展词）。,"39,576,624,795,803,810,871,887,987,1025,1102,1328,1338,1339"
31,"In autumn it is windy; in the wood, field and forest the flowers fall in the wind; the sky is grey and the plants, the grass and the trees grow.",秋天风很大；在树林、田野和森林里，花朵随风飘落；天空灰蒙蒙的，植物、青草和树木还在生长。,分号把三个并列分句连成一句，描写秋天的景色。It is windy 是描述天气的常用句型（It is + 形容词）。grass 是不可数名词，泛指时前面不加冠词。,autumn|/'ɒ:təm/|n|秋天，成熟期; windy|/'windi/|adj|多风的; wood|/wud/|n|木材，木头; field|/fi:ld/|n|田地，场地；领域; forest|/'fɒrist/|n|森林，林区; flower|/'flauə/|n|花，花朵; fall|/fɒ:l/|v|落下，跌倒；（美式）秋天; wind|/wind/|n|风; sky|/skai/|n|天空; plant|/plænt. plɑ:nt/|n|植物；工厂; grass|/græs/|n|草，草原，牧场; tree|/tri:/|n|树，树木; grow|/grəu/|v|种植，生长,cloud|/klaud/|n|云，云朵; cloudy|/'klaudi/|adj|多云的，有愁容的，云的,云家族（锚词：wind）,in autumn|在秋天; the autumn wind|秋风; in the field|在田野里,今日回读：请重新朗读背诵第 1、16、24、27、29、30 天的句子。复现 grey（第 10 天）；in、the、and 等基础词（第 1 天）。,"81,258,259,436,455,480,491,556,563,978,1162,1359,1465,1468,1477"
32,"The weather is cool and rainy, and the rain makes the wet grass cold; but it is sunny and warm, and the sun is hot and the flowers are dry.",天气凉爽又多雨，雨水把湿草弄得冰凉；但天晴时很暖和，太阳热热的，花儿都干了。,用 and / but 把几个并列分句连起来，形成雨天和晴天的对比。make + 宾语 + 形容词（makes the wet grass cold）表示“使……变得……”。,weather|/'weðə/|n|天气; cool|/ku:l/|adj|凉爽的；酷的; rainy|/'reini/|adj|下雨的；多雨的; rain|/rein/|n & v|雨；下雨; wet|/wet/|adj|湿的，多雨的; cold|/kəuld/|adj & n|寒冷的，感冒，冷淡的; sunny|/'sʌni/|adj|阳光充足的; warm|/wɒ:m/|adj|暖和的，温暖的; sun|/sʌn/|n|太阳，阳光; hot|/hɒt/|adj|热的；辣的; dry|/drai/|adj & v|干的；使变干,storm|/stɒ:m/|n|暴风雨; fog|/fɒg/|n|雾; foggy|/'fɒgi/|adj|有雾的; rainbow|/'reinbəu/|n|彩虹,天气补充（锚词：rain）,rainy weather|多雨的天气; in the sun|在阳光下; warm and sunny|温暖晴朗,今日回读：请重新朗读背诵第 2、17、25、28、30、31 天的句子。复现 flowers、grass（第 31 天）、make（第 21 天）。,"266,282,371,482,483,622,1039,1040,1043,1224,1244,1246,1426,1436,1447"
33,"Mother looks at the clothes in my cupboard: T-shirt, jeans, sweater, jacket, coat, shirt, skirt, dress, blouse, suit and tie — are they too small for me?",妈妈看着我校柜里的衣服：T 恤、牛仔裤、毛衣、夹克、外套、衬衫、短裙、连衣裙、女式衬衫、西装和领带——它们对我来说都太小了吗？,冒号后列举一串名词，末尾用破折号加一个问句收尾。清单式列举里名词前省略冠词；jeans、clothes 这类词固定用复数形式。,"clothes|/kləuðz/|n pl|衣服; T-shirt|/'ti:,ʃɜ:t/|n|T恤衫，短袖衫; jeans|/dʒi:nz/|n pl|牛仔裤; sweater|/'swetə/|n|毛衣，毛线衫; jacket|/'dʒækit/|n|夹克，外套; coat|/kəut/|n|外套; shirt|/ʃɜ:t/|n|衬衫; skirt|/skɜ:t/|n|短裙，裙子; dress|/dres/|n & v|连衣裙；穿衣，打扮; blouse|/blauz/|n|宽松的上衣; suit|/sju:t. su:t/|n|西装，套装；适合; tie|/tai/|n & v|领带；系",trousers|/'trauzəz/|n pl|裤子，长裤; shorts|/ʃɔ:ts/|n pl|短裤; tights|/taits/|n pl|紧身衣裤，裤袜,下装（锚词：jeans）,in my cupboard|在我的柜子里; a suit and a tie|西装和领带,今日回读：请重新朗读背诵第 3、18、26、29、31、32 天的句子。复现 cupboard（第 4 天）、small（第 2 天）、too（第 17 天）。,"129,257,263,365,674,680,1122,1130,1161,1241,1257,1324,1326,1363,1367"
34,"It is cold, so I put on my socks and boots, and I wear a hat, a scarf and gloves; in the shop I try on shoes and a cap.",天冷了，所以我穿上袜子和靴子，戴着帽子、围巾和手套；在店里我试了鞋子和一顶鸭舌帽。,put on 表示“穿上”的动作，wear 表示“穿着”的状态，try on 表示“试穿”。shoes、boots 这类成双穿的衣物通常用复数形式。so 引出结果，分号连接并列的两件事。,put on|/put ɒn/|phr v|穿上，戴上；上演; sock|/sɒk/|n|短袜; boots|/bu:ts/|n pl|靴子; wear|/weə/|v|穿，戴；磨损; hat|/hæt/|n|帽子; scarf|/skɑ:f/|n|围巾; gloves|/glʌvz/|n pl|手套; try on|/trai ɒn/|phr v|试穿; shoes|/ʃu:z/|n pl|鞋; cap|/kæp/|n|帽子；鸭舌帽,belt|/belt/|n|带子，地带; glasses|/'glɑ:siz/|n pl|眼镜,配饰（锚词：hat）,put on|穿上; try on|试穿; wear a hat|戴帽子,今日回读：请重新朗读背诵第 4、19、27、30、32、33 天的句子。复现 cold（第 32 天）、shop（第 6 天）。,"114,139,192,536,537,583,1023,1091,1124,1179,1366,1435"
35,"We go shopping: the shop sells cheap clothes at a discount price, not expensive ones; boots cost money, so I buy my size, pay, and do not spend much.",我们去购物：那家店以折扣价卖便宜衣服，而不是贵的；靴子是要花钱的，于是我买了我的尺码，付了钱，也没多花。,"说价格与商品：商品用 cheap / expensive（cheap clothes, not expensive ones），价格则说 at a discount price。cost 的主语是物（boots cost money），pay 的主语是人（I pay）。",shopping|/'ʃɒpiŋ/|n|购物; sell|/sel/|v|卖，出售; cheap|/tʃi:p/|adj|便宜的，不值钱的，可鄙的; discount|/'diskaunt/|n|折扣; price|/prais/|n|价格; expensive|/ik'spensiv/|adj|昂贵的; cost|/kɒst/|n & v|费用，价格；花费; money|/'mʌni/|n|金钱，一笔款，财富; buy|/bai/|v|买，获得; size|/saiz/|n|大小，尺寸; pay|/pei/|v|支付，付款，付清; spend|/spend/|v|花费；度过,sale|/seil/|n|出售；大减价; for sale|/fɒ: seil/|prep phr|出售；待售,促销相关（锚词：price）,go shopping|去购物; at a discount price|以折扣价; the price of|……的价格,今日回读：请重新朗读背诵第 5、20、28、31、33、34 天的句子。复现 clothes（第 33 天）、shop（第 6 天）、boots（第 34 天）。,"178,222,285,346,426,495,812,941,1011,1083,1105,1128,1155,1202"
36,"Mother has a hundred pounds in cash, and pays with a credit card, not a cheque; my purse has fifty pence, a penny, a cent, a dollar and a euro.",妈妈有一百英镑现金，付款时用信用卡而不是支票；我的钱包里有五十便士、一便士、一欧分、一美元和一欧元。,金额说法：数词 + 货币名词（a hundred pounds、fifty pence）。not a cheque 用 not 直接否定名词，表示“而不是”。,hundred|/'hʌndrəd/|num|百; pound|/paund/|n|英镑；磅; cash|/kæʃ/|n & v|现金，兑现; credit card|/'kredit kɑ:d/|n|信用卡; cheque|/tʃek/|n|支票; fifty|/'fifti/|num|五十; pence|/pens/|n pl|便士（penny的复数）; penny|/'peni/|n|便士; cent|/sent/|n|分; dollar|/'dɒlə/|n|美元; euro|/'juərəu/|n|欧元,thirty|/'θɜ:ti/|num|三十; forty|/'fɒ:ti/|num|四十; sixty|/'siksti/|num|六十; seventy|/'sevnti/|num|七十; eighty|/'eiti/|num|八十; ninety|/'nainti/|num|九十,整十数（锚词：fifty）,in cash|用现金; a credit card|一张信用卡; fifty pence|五十便士,今日回读：请重新朗读背诵第 6、21、29、32、34、35 天的句子。复现 purse（第 5 天）、pay（第 35 天）。,"203,210,227,296,352,389,406,459,496,629,864,945,949,1005,1113,1154,1310"
37,"The mathematics teacher writes certain numbers: the first is a thousand, the third is a million, a dozen is twelve; the whole class has enough time to double them all.",数学老师写了几个数字：第一个是一千，第三个是一百万，一打是十二；全班有足够的时间把它们都翻倍。,序数词 the first / the third 表示“第一 / 第三（个）”。a thousand、a million、a dozen 前的 a 表示“一”。double them 里的 them 指老师写的那些数字。,certain|/'sɜ:tən/|adj|确定的，某一个的，必然的; number|/'nʌmbə/|n|数字；号码; first|/fɜ:st/|adv & adj|首先，第一的，第一; thousand|/'θauznd/|num|千; third|/θɜ:d/|num|第三; million|/'miljən/|n|百万; dozen|/'dʌzn/|num|十二；一打; whole|/həul/|adj & n|整个的，全部的; enough|/i'nʌf/|det & pron|足够的，充足的; double|/'dʌbl/|adj|两倍的，双重的,fourth|/fɒ:θ/|num|第四; fifth|/fifθ/|num|第五; sixth|/siksθ/|num|第六; seventh|/'sevnθ/|num|第七; eighth|/eitθ/|num|第八; ninth|/nainθ/|num|第九; tenth|/tenθ/|num|第十,序数词 4-10（锚词：third）,a thousand|一千; a dozen|一打；十二个; the whole class|全班,今日回读：请重新朗读背诵第 7、22、30、33、35、36 天的句子。复现 mathematics、teacher、class（第 11-12 天）、twelve（第 9 天）、write（第 21 天）。,"215,356,360,388,402,458,470,500,799,865,884,1112,1153,1283,1305,1314,1457"
38,"Today is the eleventh of October; I just write the twelfth and the twentieth in my diary again, and I read several old pages once a week — twice this week.",今天是十月十一日；我又在日记里写下十二号和二十号，我每周读几页旧内容——这周读了两次。,日期用“the + 序数词 + of + 月份”：the eleventh of October。once / twice 表示“一次 / 两次”，once a week 就是“每周一次”。,eleventh|/i'levnθ/|num|第十一; just|/dʒʌst/|adv|刚刚，正好，仅仅; twelfth|/twelfθ/|num|第十二; twentieth|/'twentiiθ/|num|第二十; again|/ə'gein/|adv|再一次，又，到原处; several|/'sevərəl/|det & adj|几个，一些; once|/wʌns/|adv|一次，曾经，一旦; twice|/twais/|adv|两次；两倍,thirteenth|/'θɜ:ti:nθ/|num|第十三; fourteenth|/'fɒ:'ti:nθ/|num|第十四; fifteenth|/'fif'ti:nθ/|num|第十五; sixteenth|/'siks'ti:nθ/|num|第十六; seventeenth|/sevn'ti:nθ/|num|第十七; eighteenth|/ei'ti:nθ/|num|第十八; nineteenth|/.nain'ti:nθ/|num|第十九,序数 13-19（锚词：twelfth）,the eleventh of October|十月十一日; once a week|每周一次; twice a week|每周两次,今日回读：请重新朗读背诵第 8、23、31、34、36、37 天的句子。复现 diary（第 11 天）、read、write（第 21 天）、week（第 15 天）。,"23,387,394,457,499,689,863,899,1111,1114,1152,1308,1373,1375,1386"
39,"The twenty-first of October is here; my diary has about one page per week, and the total is nearly four pages — the twenty-fifth and the thirty-first are almost here.",十月二十一日到了；我的日记大约每周一页，总数差不多四页——二十五号和三十一号也快到了。,about / nearly / almost 都表示“差不多、将近”：about 多修饰数量，nearly 多与数字连用，almost 常与 here 等词连用。per 表示“每”（one page per week）。,twenty-first|/ˈtwenti: fɜ:st/|num|第二十一; about|/ə'baut/|adv & prep|大约；关于；到处; per|/pɜ:/|prep|每一，通过，经; total|/'təutl/|adj & n|总共的；总数; nearly|/'niəli/|adv|几乎，密切地; twenty-fifth|/'twenti fifθ/|num|第二十五; thirty-first|/'θɜ:ti:f'ɜ:st/|num|第三十一; almost|/'ɒ:lməust/|adv|几乎，差不多,twenty-second|/ˌtwentɪ'sekənd/|num|第二十二; twenty-third|/ˌtwentɪ'θɜ:d/|num|第二十三; twenty-fourth|/'twenti fɒ:θ/|num|第二十四; twenty-sixth|/'twenti siksθ/|num|第二十六; twenty-seventh|/'twenti 'sevnθ/|num|第二十七; twenty-eighth|/'twenti eitθ/|num|第二十八; twenty-ninth|/'twenti nainθ/|num|第二十九; thirtieth|/'θɜ:tiiθ/|num|第三十,大序数（锚词：twenty-first）,one page per week|每周一页; the twenty-first of October|十月二十一日; the total|总数,今日回读：请重新朗读背诵第 9、24、32、35、37、38 天的句子。复现 diary、page（第 11 天）、October（第 16 天）。,"3,33,845,952,1309,1311,1344,1377,1378,1379,1380,1381,1382,1383,1384,1385"
40,"We walk along the river, across the bridge and through the park, past the shop on the left; Bingo goes over the wall and under the gate on the right.",我们沿着河走，过了桥，穿过公园，从左边那家店旁经过；Bingo 翻过墙，从右边的门底下钻过去。,方位介词 along（沿着）、across（穿过平面）、through（穿过立体空间）、past（经过）、over（越过上方）、under（在下方）。on the left / on the right 表示“在左边 / 在右边”。,"along|/ə'lɒŋ/|prep & adv|沿着；向前; across|/ə'krɒs/|prep|越过，穿过，与...相交叉; through|/θru:/|prep|经过，穿过; past|/pɑ:st/|prep|越过，晚于，超越; left|/left/|n, adj & adv|左边，左侧；左边的; over|/'əuvə/|prep & adv|在…上方；越过；结束; under|/'ʌndə/|prep|在…下面; right|/rait/|n, adj & adv|正确的；右边的；右边",behind|/bi'haind/|adv & prep|在后地，在...背后; beside|/bi'said/|prep|在…旁边; between|/bi'twi:n/|prep|在...之间; above|/ə'bʌv/|prep|在上方，超出; below|/bi'ləu/|prep|在下面,位置介词（锚词：left）,along the river|沿着河; on the left|在左边; over the wall|翻过墙,今日回读：请重新朗读背诵第 10、25、33、36、38、39 天的句子。复现 river、bridge、park、shop（第 6 天）、walk（第 21 天）、Bingo（第 25 天）。,"4,6,35,110,113,115,117,717,918,938,1064,1316,1393"
41,"Turn the corner, cross the street, straight on; around the roundabout, into the park, next to the school, opposite the shop, in front of the gym — go inside, not outside!",拐过街角，穿过马路，一直往前走；绕过环岛，走进公园，挨着学校、在商店对面、在体育馆前面——进到里面去，别待在外面！,"祈使句用来指路：Turn the corner / cross the street / straight on（一直往前）。方位短语 next to（挨着）、opposite（在……对面）、in front of（在……前面）后面直接跟地点名词；句末用 not 直接否定：go inside, not outside。",turn|/tɜ:n/|v|转动，转弯；变得; corner|/'kɒ:nə/|n|角落，拐角; cross|/krɒs/|v|横过，穿过；交叉; street|/stri:t/|n|街道; straight|/streit/|adj|直的；笔直地; straight on|/streit ɒn/|adv|一直向前; around|/ə'raund/|adv & prep|兜着圈子，包围，在附近; roundabout|/'raundə.baut/|n|环岛，环形交叉口; into|/'intu:/|prep|进入，到…里面; next to|/'nekst tu:/|prep|紧挨着，在…近旁; opposite|/'ɒpəzit/|prep|在…对面；对面的; in front of|/in frʌnt ɒv/|prep phr|在...前面; inside|/'in'said/|adv & prep|在里面，在...之内; outside|/'aut'said/|prep & adv|在外面；在…外面,close to|/kləuz tu:/|prep phr|接近于，靠近于 || crossing|/'krɒsiŋ/|n|交叉路口；人行横道; crossroads|/ˈkrɒsrəʊdz/|n|十字路口,接近类（锚词：next to）；路口设施（锚词：cross）,turn the corner|拐过街角; straight on|一直往前; next to the school|挨着学校,今日回读：请重新朗读背诵第 11、26、34、37、39、40 天的句子。复现 school（第 11 天）、shop、park（第 6 天）、walk（第 21 天）。,"63,256,283,297,298,299,652,654,664,857,906,917,1072,1227,1228,1231,1369"
42,"The bus and the taxi wait in slow traffic at the bus stop; my bicycle and bike are at the car park, and the driver drives to the bus station.",公交车和出租车在车站旁缓慢的车流里等着；我的自行车停在停车场，司机开车去公交总站。,bus stop 是路边的车站，bus station 是公交总站。bicycle 和 bike 是同义词，都表示“自行车”，只是说法不同。drive 是动词（the driver drives），driver 是开车的人；traffic 是不可数名词，前面不加 a。,bus|/bʌs/|n|公共汽车; taxi|/'tæksi/|n|出租车，计程车; traffic|/'træfik/|n|交通，运输; bus stop|/bʌs stɒp/|n|公共汽车站; bicycle|/'baisikl/|n|自行车; bike|/baik/|n|自行车，脚踏车; car|/kɑ:/|n|汽车，客车; car park|/kɑ: pɑ:k/|n|停车场; driver|/'draivə/|n|司机；驾驶员; drive|/draiv/|v|驾驶，开车; bus station|/bʌs ˈsteiʃən/|n|公交车站,lorry|/'lɒri/|n|卡车，货车; van|/væn/|n|面包车；货车; motorbike|/'məjtəbaik/|n|摩托车,道路车辆（锚词：car）,at the bus stop|在公交车站; the car park|停车场; slow traffic|缓慢的车流,今日回读：请重新朗读背诵第 12、27、35、38、40、41 天的句子。复现 wait（第 24 天）、slow（第 23 天）。,"118,120,169,173,174,193,198,367,368,749,821,1269,1352,1407"
43,"At the railway station the train and the tram wait on the platform; the plane and the aeroplane are at the airport, and the coach and the underground go there.",在火车站，火车和有轨电车在站台上等着；飞机停在机场，长途大巴和地铁也开往那里。,railway station 是火车站，station 也可以单用。on the platform 表示“在站台上”。plane 和 aeroplane 是同义词，都是“飞机”。,railway|/'reilwei/|n|铁路; railway station|/'reilwei 'steiʃən/|n|火车站; station|/'steiʃən/|n|车站; train|/trein/|n|火车；训练; tram|/træm/|n|有轨电车; platform|/'plætfɒ:m/|n|站台，月台，讲台; plane|/plein/|n|飞机；平面; aeroplane|/'eərəplein/|n|飞机; airport|/'eəpɒ:t/|n|飞机场; coach|/kəutʃ/|n|教练；长途客车; underground|/'ʌndəgraund/|n & adj|地铁；地下的,flight|/flait/|n|航班；飞行; helicopter|/'helikɒptə/|n|直升机; pilot|/'pailət/|n|飞行员,飞行相关（锚词：plane）,railway station|火车站; on the platform|在站台上; at the airport|在机场,今日回读：请重新朗读背诵第 13、28、36、39、41、42 天的句子。复现 wait（第 24 天）、go（第 13 天）。,"17,29,262,478,597,971,977,981,1037,1038,1216,1354,1356,1394"
44,"For my project I draw my body: a head with hair, a face with two eyes, two ears, a nose, a mouth, teeth, a neck, two hands and ten fingers.",为了课题，我画自己的身体：长着头发的头，有两只眼睛、两只耳朵、一个鼻子和一张嘴的脸，还有牙齿、脖子、两只手和十根手指。,复数变化：eye→eyes、ear→ears、hand→hands、finger→fingers；tooth 的复数是不规则的 teeth。with 引出“带着……的”身体部位。,body|/'bɒdi/|n|身体，躯体; head|/hed/|n|头，头脑，领袖; hair|/heə/|n|头发，毛发，些微; face|/feis/|n|脸，面容，正面; eye|/ai/|n|眼睛; ear|/iə/|n|耳朵; nose|/nəuz/|n|鼻子; mouth|/mauθ/|n|嘴，口，口腔; tooth|/tu:θ/|n|牙齿; neck|/nek/|n|脖子，颈; hand|/hænd/|n|手，爪，指针; finger|/'fiŋgə/|n|手指,"thumb|/θʌm/|n|拇指; toe|/təu/|n|脚趾; back|/bæk/|n, adv & adj|背部，向后地，后面的; arm|/ɑ:m/|n|手臂，胳膊; leg|/leg/|n|腿; knee|/ni:/|n|膝盖",身体收尾（锚词：body）,my body|我的身体; a face with two eyes|有两只眼睛的脸; ten fingers|十根手指,今日回读：请重新朗读背诵第 14、29、37、40、42、43 天的句子。复现 draw（第 23 天）、project（第 20 天）、two、ten（第 8 天）。,"62,84,133,377,431,432,465,572,579,589,700,719,825,846,876,1318,1334,1341"
45,"Tom is sick and in pain: a fever, a cough, a headache; the doctor has medicine, and my tooth hurts; I go to the dentist — but I am not ill.",Tom 生病了，还浑身疼：发烧、咳嗽、头疼；医生那儿有药，我的牙也疼；我去看牙医——不过我没生病。,说病症用 a fever / a cough / a headache（前面的 have 常省略）。in pain 表示“疼痛”，hurt 作不及物动词时主语是身体部位（my tooth hurts）。ill 和 sick 都是“生病的”，sick 更常放在名词前。,sick|/sik/|adj|有病的；恶心的; pain|/pein/|n|疼痛；痛苦; fever|/'fi:və/|n|发烧; cough|/kɒf/|n & v|咳嗽; headache|/'hedeik/|n|头痛; doctor|/'dɒktə/|n|医生，博士; medicine|/'medisin/|n|药，医学，内科; hurt|/hɜ:t/|v|伤害，(使)伤心，危害; dentist|/'dentist/|n|牙科医生; ill|/il/|adj|生病的,hospital|/'hɒspitəl/|n|医院; pharmacy|/'fɑ:məsi/|n|药房，药店,医疗场所（锚词：doctor）,have a headache|头疼; my tooth hurts|我的牙疼; go to the dentist|去看牙医,今日回读：请重新朗读背诵第 15、30、38、41、43、44 天的句子。复现 tooth（第 44 天）、Tom（第 3 天）。,"287,328,349,453,590,621,632,640,784,922,959,1137"
46,"Two weeks ago our school had a competition; last Friday Sam brought the ball, took it and scored a goal; I won the race — the winner was very excited!",两周前我们学校举办了一场比赛；上周五 Sam 带来了球，带球射进一球；我赢了赛跑——冠军非常兴奋！,一般过去时（含不规则变化）：have→had、bring→brought、take→took、score→scored、win→won。last Friday、two weeks ago 都是过去时间的标志。,ago|/ə'gəu/|adv|以前; competition|/.kɒmpi'tiʃən/|n|竞争，竞赛; last|/lɑ:st/|adj & adv|最后的；上一个; bring|/briŋ/|v|带来，拿来; take|/teik/|v|拿，取；带走; score|/skɒ:/|n & v|得分；分数; goal|/gəul/|n|球门；目标; win|/win/|v|赢得，获胜; race|/reis/|n & v|赛跑，比赛；种族; winner|/'winə/|n|获胜者；赢家; excited|/ik'saitid/|adj|兴奋的，激动的,lose|/lu:z/|v|遗失，受损失，损失,输赢反义（锚词：win）,two weeks ago|两周前; scored a goal|进了一球; won the race|赢了赛跑,今日回读：请重新朗读背诵第 16、31、39、42、44、45 天的句子。复现 school（第 11 天）、Friday（第 15 天）、ball（第 22 天）、Sam（第 12 天）。,"26,159,275,420,539,710,750,1034,1097,1265,1464,1469"
47,"Lily had a Halloween party: I wore a strange costume, and in the dark Tom shouted; the surprise was terrible and I was afraid, but it was very special!",Lily 办了万圣节派对：我穿着一套古怪的服装，黑暗中 Tom 大叫；那个惊喜很吓人，我害怕了，不过这场派对非常特别！,一般过去时：wear→wore、shout→shouted。in the dark 表示“在黑暗中”，be afraid 表示“害怕”。,Halloween|/.hæləu'i:n/|n|万圣节前夜; party|/'pɑ:ti/|n|宴会，党，政党; costume|/'kɒstju:m/|n|装束，服装; strange|/streindʒ/|adj|奇怪的；陌生的; dark|/dɑ:k/|adj|黑暗的；深色的; shout|/ʃaut/|v|高喊，呼喊; surprise|/sə'praiz/|n|惊奇，惊讶；惊喜; terrible|/'terəbl/|adj|可怕的；极坏的; afraid|/ə'freid/|adj|害怕的，担心的; special|/'speʃəl/|adj|特别的,guest|/gest/|n|客人，来宾，旅客; present|/'preznt/|n|礼物；现在的; invite|/in'vait/|v|邀请,派对相关（锚词：party）,a Halloween party|万圣节派对; a strange costume|古怪的服装; be afraid|害怕,今日回读：请重新朗读背诵第 17、32、40、43、45、46 天的句子。复现 Lily（第 12 天）、Tom（第 3 天）、wear（第 34 天）。,"18,286,316,565,578,665,934,1009,1133,1200,1229,1255,1285"
48,"Today I am not happy: I feel sad and tired, and I miss Ella; I am bored, surprised, worried and angry, so I cry — I am alone and hate it!",今天我不开心：我觉得又难过又累，还想念 Ella；我无聊、惊讶、担心又生气，所以我哭了——我孤零零的，讨厌这样！,be + 形容词表达情绪：I am sad / tired / bored。miss 是“想念”，worry 是“担心”，它的形容词形式是 worried。,happy|/'hæpi/|adj|快乐的，幸福的，愉快的; feel|/fi:l/|v|感觉，有知觉，觉得; sad|/sæd/|adj|伤心的，难过的; tired|/taiəd/|adj|疲累的，疲乏的，厌倦的; miss|/mis/|v|想念；错过；未击中; bored|/bɔ:d/|adj|感到无聊的，烦闷的; surprised|/sə'praizd/|adj|感到惊讶的; worry|/'wʌri/|v|使烦恼；担心; angry|/'æŋgri/|adj|生气的，愤怒的; cry|/krai/|v|哭，喊叫; alone|/ə'ləun/|adj & adv|孤独的，独自地，单独的; hate|/heit/|v|憎恨，仇恨，憎恶,unhappy|/.ʌn'hæpi/|adj|不高兴的；不快乐的,un- 反义前缀（锚词：happy）,feel sad|感到难过; miss Ella|想念 Ella; be angry|生气,今日回读：请重新朗读背诵第 18、33、41、44、46、47 天的句子。复现 today（第 15 天）、Ella（白名单专名，Lucy 的表姐）。,"34,46,140,302,451,581,584,806,1078,1256,1330,1396,1483"
49,"I think I know what it means; I want to remember today, I hope I do not forget it, but I believe I need to decide — I wish to understand!",我想我知道它是什么意思；我想记住今天，希望自己不要忘记，可我觉得我得做个决定——我真想弄明白！,宾语从句用陈述语序：I think I know… / I hope I do not forget it（that 可以省略）。want、need、hope、wish 后面常接 to do：want to remember、need to decide、wish to understand。,think|/θiŋk/|v|想，思考，认为; know|/nəu/|v|知道，了解，认识; mean|/mi:n/|v|意思是，意指; want|/wɒnt/|v|要，想要; remember|/ri'membə/|v|记得，记住; hope|/həup/|v|希望，期望，信赖; forget|/fə'get/|v|忘记，忽略，忘; believe|/bi'li:v/|v|相信; need|/ni:d/|v|需要; decide|/di'said/|v|决定; wish|/wiʃ/|n & v|愿望；祝愿; understand|/.ʌndə'stænd/|v|理解，明白,idea|/ai'diə/|n|主意，想法,想法名词（锚词：think）,I think|我想; remember today|记住今天; do not forget|不要忘记,今日回读：请重新朗读背诵第 19、34、42、45、47、48 天的句子。复现 today（第 15 天）、it（第 2 天）。,"111,323,492,619,638,702,781,847,1054,1304,1395,1425,1471"
50,"In art I draw: a tall, strong boy; a short, thin girl with long, beautiful hair; a young, weak cat; a fat, ugly dog; a good cake and bad weather.",美术课上我画了：一个又高又壮的男孩；一个又矮又瘦、头发又长又美的女孩；一只年幼而体弱的猫；一只又胖又丑的狗；一块好吃的蛋糕和糟糕的天气。,"形容词并列作定语时用逗号隔开：a tall, strong boy。本句成对使用反义形容词：tall—short、long—short、good—bad、strong—weak、fat—thin、beautiful—ugly。",tall|/tɒ:l/|adj|高的; strong|/strɒŋ/|adj|强壮的；坚固的; short|/ʃɒ:t/|adj|短的；矮的; thin|/θin/|adj|薄的；细的；瘦的; long|/lɒŋ/|adj|长的；长久的; beautiful|/'bju:tiful/|adj|美丽的; young|/jʌŋ/|adj|年轻的; weak|/wi:k/|adj|虚弱的; fat|/fæt/|adj|肥的，胖的，油腻的; ugly|/'ʌgli/|adj|丑的; good|/gud/|adj|好的，优良的，上等的; bad|/bæd/|adj|坏的,big|/big/|adj|大的，重要的; small|/smɒ:l/|adj|小的; old|/əuld/|adj|老的，旧的，古老的; hot|/hɒt/|adj|热的；辣的; cold|/kəuld/|adj & n|寒冷的，感冒，冷淡的,反义形容词复习（锚词：tall）,a tall boy|高个子男孩; long hair|长头发; good weather|好天气,今日回读：请重新朗读背诵第 20、35、43、46、48、49 天的句子。复现 art（第 12 天）、draw（第 23 天）、boy、girl、cat、dog（第 8 天）、cake（第 29 天）、weather（第 32 天）。,"85,102,447,542,743,1129,1232,1268,1302,1390,1434,1495"
51,"Winter is snowy and stormy; at zero degrees the heating and the fire are on, and Tom skis on the snow — I skate on the ice inside the sports hall!",冬天多雪又多风暴；零度时暖气和炉火都开着，Tom 在雪地上滑雪——我在体育馆里溜冰！,at zero degrees 表示“零度”，degree 用复数形式。ski 和 skate 都是动词：ski on the snow（在雪上滑雪）、skate on the ice（在冰上滑冰）。heating 是暖气，fire 是炉火。,winter|/'wintə/|n|冬季，冬天; snowy|/'snəui/|adj|下雪的；多雪的; stormy|/'stɒ:mi/|adj|有暴风雨的; degree|/di'gri:/|n|程度，度数，学位; heating|/'hi:tiŋ/|n|供暖，暖气设备; fire|/'faiə/|n|火，炉火，电炉; ski|/ski:/|v|滑雪; snow|/snəu/|n & v|雪；下雪; skate|/skeit/|v|滑冰，滑旱冰; ice|/ais/|n|冰,skiing|/'ski:iŋ/|n|滑雪（运动）; ice skating|/ais ˈskeɪtɪŋ/|n|滑冰; skating|/'skeitiŋ/|n|滑冰（活动）; snowboard|/'snəubɔ:d/|n|滑雪板; snowboarding|/ˈsnəʊbɔ:dɪŋ/|n|单板滑雪，滑板滑雪，滑雪板 || thunderstorm|/'θʌndəstɒ:m/|n|雷暴，雷雨; temperature|/'temprətʃə/|n|温度；体温; raincoat|/'reinkəut/|n|雨衣,冬季运动（锚词：ski）；风暴家族（锚词：stormy）,in winter|在冬天; zero degrees|零度; on the ice|在冰面上,今日回读：请重新朗读背诵第 21、36、44、47、49、50 天的句子。复现 sport（第 22 天）、hall（第 2 天）、inside（第 41 天）。,"324,467,595,635,637,1041,1156,1158,1159,1160,1173,1174,1175,1176,1225,1278,1319,1470"
52,"Aunt Kate's flat is upstairs: we go up the stairs, and a lift takes us to the apartment; the bath, shower, mirror and curtains are new — I go downstairs!",Kate 姑姑的公寓在楼上：我们爬楼梯上去，电梯也能把我们送到那套公寓；浴缸、淋浴、镜子和窗帘都是新的——我要下楼啦！,upstairs / downstairs 是副词，前面不加介词：go upstairs、go downstairs。flat 和 apartment 意思相同（英式常用 flat，美式常用 apartment）。,flat|/flæt/|n|公寓，单元房; upstairs|/'ʌp'steəz/|adv|在楼上; stairs|/steəz/|n pl|楼梯; lift|/lift/|n|电梯；举起; apartment|/ə'pɑ:tmənt/|n|房间，公寓; bath|/bæθ.bɑ:θ/|n|沐浴，浴室; shower|/'ʃauə/|n|阵雨；淋浴; mirror|/'mirə/|n|镜子; curtains|/'kɜ:tənz/|n|窗帘; downstairs|/'daun'steəz/|adv|在楼下,soap|/səup/|n|肥皂; towel|/'tauəl/|n|毛巾; toothbrush|/'tu:θbrʌʃ/|n|牙刷; shampoo|/ʃæm'pu:/|v & n|洗发水；洗头发,洗漱用品（锚词：bath）,go upstairs|上楼; the bath and the shower|浴缸和淋浴; new curtains|新窗帘,今日回读：请重新朗读背诵第 22、37、45、48、50、51 天的句子。复现 Aunt Kate（白名单）、take（第 46 天）、go（第 13 天）。,"57,97,305,359,477,731,804,1116,1135,1178,1211,1342,1349,1401"
53,"During the morning we cook: Mother boils rice, fries fish and roasts meat in the cooker; I grill vegetables, bake a cake, cut bread and wash up the dishes.",早上我们做饭：妈妈煮米饭、煎鱼，还在炉灶上烤肉；我炙烤蔬菜、烘烤蛋糕、切面包，还洗碗。,做饭的动词：boil（煮）、fry（煎）、roast（烤肉）、grill（炙烤）、bake（烘烤）。cook 是“做饭”，cooker 是“炉灶”，只差一个字母，别混用。,during|/'djuəriŋ/|prep|在...的时候; cook|/kuk/|n & v|厨师；烹饪，煮; boil|/bɒil/|v|煮沸，烧开; fry|/frai/|v|油炸，煎; roast|/rəust/|v & adj|烤，炙; cooker|/'kukə/|n|炊具，炉灶; grill|/gril/|v|烤，烧烤; bake|/beik/|v|烤；烘焙; cut|/kʌt/|v|切，割，减少; wash up|/wɒʃ ʌp/|phr v|洗餐具；洗手洗脸; dish|/diʃ/|n|盘子，碟子；菜肴,fried|/fraid/|adj|油炸的; grilled|/grild/|adj|烤的,烹饪方式（锚词：fry）,cook the dinner|做饭; wash up the dishes|洗碗; in the cooker|在炉灶上,今日回读：请重新朗读背诵第 23、38、46、49、51、52 天的句子。复现 morning（第 13 天）、Mother（第 3 天）、cake（第 29 天）。,"88,134,280,281,307,347,373,507,513,560,561,1067,1428"
54,"In Seaview there is a lot of fast food: pizza, chips, sausages and sandwiches; at home we have pasta, steak, pie, pancakes, an omelette, and toast and cereal for breakfast.",在 Seaview 有很多快餐：比萨、薯条、香肠和三明治；在家我们吃意大利面、牛排、馅饼、薄煎饼、煎蛋卷，早餐吃吐司和麦片。,there is a lot of… 表示“有很多……”（food 是不可数名词）。列举食物用逗号隔开，最后一项前加 and；chips、sandwiches、pancakes 用复数。,fast food|/fɑ:st fu:d/|n|速食，快餐; pizza|/'pi:tsə/|n|比萨饼; chips|/tʃips/|n pl|炸薯条; sausage|/'sɒsidʒ/|n|香肠; sandwich|/'sændwitʃ/|n|三明治; pasta|/'pæstə/|n|意大利面食; steak|/steik/|n|牛排，肉排; pie|/pai/|n|馅饼；派; pancake|/'pænkeik/|n|薄煎饼; omelette|/'ɒmlit/|n|煎蛋卷，炒蛋; toast|/təust/|n|烤面包片；吐司; cereal|/'siəriəl/|n|谷类早餐；麦片,,,fast food|快餐; a steak|一块牛排; toast and cereal|吐司和麦片,今日回读：请重新朗读背诵第 24、39、47、50、52、53 天的句子。复现 Seaview（第 1 天）、home（第 1 天）、breakfast（第 13 天）。,"214,232,446,897,926,939,967,974,1086,1088,1218,1332"
55,"At the restaurant the waiter brings the menu and I order the main course; the waitress brings a plate, bowl, fork, knife and spoon, and the customer pays the bill.",在餐馆里，服务员拿来菜单，我点了主菜；女服务员端来盘子、碗、叉子、刀和勺子，顾客付账。,order 是“点餐”，the main course 是主菜。waiter 是男服务员，waitress 是女服务员，customer 是顾客。bring sb sth：brings the menu（拿来菜单）。,restaurant|/'restərɒŋ/|n|餐馆，饭店; waiter|/'weitə/|n|服务员; menu|/'menju:/|n|菜单; order|/'ɒ:də/|n|顺序；命令；订购; main course|/mein kɒ:s/|n|主菜; waitress|/'weitris/|n|女服务员; plate|/pleit/|n|盘子，碟子; bowl|/bəul/|n|碗; fork|/fɒ:k/|n|叉子，餐叉; knife|/naif/|n|刀，小刀; spoon|/spu:n/|n|勺子，汤匙; customer|/'kʌstəmə/|n|顾客; bill|/bil/|n|帐单，清单，钞票,cup|/kʌp/|n|杯子; glass|/glɑ:s/|n & adj|玻璃，玻璃杯，透镜; bottle|/'bɒtl/|n|瓶子，酒瓶,餐具补充（锚词：plate）,at the restaurant|在餐馆; the main course|主菜; pay the bill|付账,今日回读：请重新朗读背诵第 25、40、48、51、53、54 天的句子。复现 bring（第 46 天）、pay（第 35 天）、table（第 4 天）。,"121,146,148,303,306,493,535,701,763,788,909,980,1058,1203,1419,1420"
56,"On Saturday I help with the housework: I tidy up my dirty room, clean and wash clothes; our cleaner is single, but Mother and Father are husband and wife.",周六我帮忙做家务：我收拾自己脏乱的房间，又打扫又洗衣服；我们的清洁工是单身，而妈妈和爸爸是夫妻。,tidy up 是“收拾整齐”，tidy 也可以单独用。husband and wife 是固定搭配（夫妻），single 表示“单身的”。help with 后面接要做的事。,help|/help/|v|帮助，有用，帮忙; housework|/'hauswɜ:k/|n|家务; tidy|/'taidi/|adj & v|整齐的；整理; tidy up|/'taidi ʌp/|v|整理，收拾; dirty|/'dɜ:ti/|adj|脏的; clean|/kli:n/|adj & v|干净的，清理，被搞干净; wash|/wɒʃ/|v|洗，洗涤; cleaner|/'kli:nə/|n|清洁工; single|/'siŋgl/|adj|单身的；单一的; husband|/'hʌzbənd/|n|丈夫; wife|/waif/|n|妻子,brush|/brʌʃ/|n & v|刷子；刷; comb|/kəum/|n|梳子,清洁工具（锚词：clean）,do the housework|做家务; tidy up my room|收拾我的房间; husband and wife|夫妻,今日回读：请重新朗读背诵第 26、41、49、52、54、55 天的句子。复现 Saturday（第 15 天）、room（第 2 天）、clothes（第 33 天）。,"164,247,248,271,344,599,626,633,1145,1322,1323,1427,1461"
57,Tomorrow I will post a letter and a postcard at the post office: the envelope needs a stamp; the postman will help; the bank is next to the police station.,明天我要去邮局寄一封信和一张明信片：信封需要贴邮票，邮递员会帮忙；银行就在警察局旁边。,will + 动词原形表示将来：I will post… / the postman will help。post 是“邮寄”，postman 是邮递员，post office 是邮局；next to 表示“紧挨着”。,will|/wil/|v|将要；愿意; post|/pəust/|v & n|邮政，邮件；邮寄; letter|/'letə/|n|信；字母; postcard|/'pəustkɑ:d/|n|明信片; post office|/pəust 'ɒfis/|n|邮局; envelope|/'envələup/|n|信封; stamp|/stæmp/|n|邮票；印章; postman|/'pəustmən/|n|邮递员; bank|/bæŋk/|n|银行，堤，岸; police|/pə'li:s/|n|警察; police station|/pə'li:s 'steiʃən/|n|警察局，派出所,police officer|/pəˈli:s ˈɔfisə/|n|警察; police car|/pə'li:s kɑ:/|n|警车,警察家族（锚词：police）,post a letter|寄信; at the post office|在邮局; next to the bank|紧挨着银行,今日回读：请重新朗读背诵第 27、42、50、53、55、56 天的句子。复现 tomorrow（第 30 天）、next to（第 41 天）、help（第 56 天）。,"92,405,725,990,991,992,993,999,1000,1002,1003,1212,1463"
58,"In the town square there is a museum, a theatre, a cathedral, a church, a castle and a stadium; the firefighters and the fire station are next to it.",镇上的广场上有博物馆、剧院、大教堂、教堂、城堡和体育场；消防员和消防站就在它旁边。,"there is 后面可以接一串并列名词，逐个介绍：there is a museum, a theatre…。fire station 是消防站，firefighter 是消防员。next to it 里的 it 指前面的 the town square。",square|/skweə/|n & adj|正方形；广场; museum|/mju:'ziəm/|n|博物馆; theatre|/ˈθɪətə/|n|剧院，剧场; cathedral|/kə'θi:drəl/|n|大教堂; church|/tʃɜ:tʃ/|n|教堂，礼拜，教会; castle|/'kæsl. 'kɑ:sl/|n|城堡; stadium|/'steidiəm/|n|体育场; firefighter|/ˈfaɪəfaɪtə(r)/|n|消防员; fire station|/'faiə 'steiʃən/|n|消防站,cinema|/'sinəmə/|n|电影院，电影; disco|/'diskəu/|n|迪斯科舞厅; exhibition|/.eksi'biʃən/|n|展览，展览会,文化场所（锚词：theatre）,the town square|城镇广场; a fire station|消防站; next to it|在它旁边,今日回读：请重新朗读背诵第 28、43、51、54、56、57 天的句子。复现 town（第 1 天）、next to（第 41 天）。,"204,207,236,237,345,424,468,469,833,1207,1208,1293"
59,"In the careers lesson we read about work and jobs: a boss, a manager, a secretary, a colleague, a worker, a businessman and a businesswoman — and my mother's occupation!",在职业课上我们读到关于工作和职业的内容：老板、经理、秘书、同事、工人、男商人和女商人——还有我妈妈的职业！,career 指“职业、事业”，job 指“具体的工作”。worker 由 work + -er 构成，businessman / businesswoman 是男、女商人。,career|/kə'riə/|n|职业，事业; work|/wɜ:k/|n & v|工作，劳动; job|/dʒɒb/|n|工作，零活，职业; boss|/bɒs/|n|老板，上司; manager|/'mænidʒə/|n|经理; secretary|/'sekrətəri/|n|秘书; colleague|/'kɒli:g/|n|同事，同僚; worker|/'wɜ:kə/|n|工人；工作者; businessman|/'biznismæn/|n|商人，企业家; businesswoman|/'bizniswjmæn/|n|女商人，女企业家; occupation|/.ɒkju'peiʃən/|n|职业，工作,assistant|/ə'sistənt/|n|助手，助理，助教; shop assistant|/ʃɔp əˈsistənt/|n|店员; receptionist|/ri'sepʃənist/|n|接待员,助理与店员（锚词：boss）,read about jobs|读关于工作的内容; a boss and a manager|老板和经理; my mother's occupation|我妈妈的职业,今日回读：请重新朗读背诵第 29、44、52、55、57、58 天的句子。复现 lesson（第 11 天）、read（第 21 天）、mother（第 3 天）。,"71,144,171,172,195,267,681,767,886,1051,1103,1126,1479,1480"
60,"For my project I write about jobs: my father is an engineer, Sam is a footballer, Lily is a tennis player; the nurse, writer, journalist, photographer, musician and painter work.",为了我的课题，我写关于工作的内容：我爸爸是工程师，Sam 是足球运动员，Lily 是网球运动员；护士、作家、记者、摄影师、音乐家和画家都在工作。,表示职业：an engineer、a footballer、a tennis player。说“某人做什么工作”常用 be 动词：my father is an engineer。,engineer|/.endʒi'niə/|n|工程师，工兵; footballer|/'futbɒ:lə/|n|足球运动员; tennis player|/ˈtenis ˈpleɪə/|n|网球运动员; nurse|/nɜ:s/|n|护士; writer|/'raitə/|n|作家; journalist|/'dʒɜ:nəlist/|n|新闻记者; photographer|/fə'tɔgrəfə/|n|摄影师; musician|/mju:'ziʃən/|n|音乐家，乐师，作曲家; painter|/'peintə/|n|画家；油漆工,mechanic|/mi'kænik/|n|机械工，技工; chemist|/'kemist/|n|药剂师；化学家; hairdresser|/'heədresə/|n|美发师，理发师; gardener|/'gɑ:dənə/|n|园丁；园艺工人; guide|/gaid/|n|向导，导游；指南; tour guide|/tuə gaid/|n|导游,手艺与服务（锚词：nurse）,my father is an engineer|我爸爸是工程师; a tennis player|网球运动员; write about jobs|写关于工作的内容,今日回读：请重新朗读背诵第 30、45、53、56、58、59 天的句子。复现 project（第 20 天）、father（第 3 天）、Sam、Lily（第 12 天）、work（第 59 天）。,"226,400,488,521,567,573,683,783,835,885,924,962,1281,1346,1487"
61,"Christmas is my favourite festival: I give every member of the family a card with a star and lights, and write 'congratulations, wishes for the New Year, yours sincerely, Lucy'.",圣诞节是我最喜欢的节日：我给家里每个人都送一张卡片，上面有星星和彩灯，并写上“祝贺、新年祝福，谨启，露西”。,本句用一般现在时讲圣诞节的做法：give every member a card 是 give sb sth（给某人某物）的双宾语结构；and 连接 give 与 write 两个并列动作；引号里是贺卡上的文字，英文贺卡或信件结尾常用 Yours sincerely 再署名。,Christmas|/'krisməs/|n|圣诞节; festival|/'festəvəl/|n|节日，庆祝，欢宴; give|/giv/|v|给，交给; member|/'membə/|n|成员，会员; card|/kɑ:d/|n|卡片，纸牌，节目单; star|/stɑ:/|n & v|星，恒星；明星; lights|/laits/|n pl|灯（复数）; congratulations|/kənˌɡrætʃʊˈleɪʃnz/|exclam|祝贺！恭喜！; wishes|/wiʃiz/|n pl|祝愿，祝福; New Year|/'nju:'jɜ:/|n|新年; sincerely|/sin'siəli/|adv|真诚地,Easter|/'i:stə/|n|复活节; wedding|/'wediŋ/|n|婚礼 || dear|/'diə/|adj|亲爱的；贵的,节日与庆典（锚词：Christmas）；贺卡用语（锚词：card）,Christmas card|圣诞贺卡; New Year wishes|新年祝福; Yours sincerely|（信件结尾）谨启,今日回读：请重新朗读背诵第 31、46、54、57、59、60 天的句子。复现旧词：favourite（第 12 天）、family（第 3 天）、every（第 17 天）、write（第 21 天）、yours（第 18 天）。,"194,235,278,321,381,452,533,733,787,855,1142,1214,1438,1472"
62,"My grandfather — Granddad — and my grandmother are my grandparents; Tom is their grandson, cousin Ella is their granddaughter, and I am their grandchild; we are our uncle's nephew and niece.",我的祖父（我平时叫他 Granddad）和我的祖母就是我的祖父母；汤姆是他们的孙子，表妹埃拉是他们的孙女，我是他们的孙辈；而我们俩是叔叔的侄子和侄女。,本句用一般现在时介绍家人关系。破折号中间的 Granddad 是同位语，说明 grandfather 就是平时叫的“爷爷”——祖父只有一位，只是有正式与口语两种说法。grandparent 是“祖父母”的统称，grandfather / grandmother 是具体称呼；grandchild 是“孙辈”的统称，grandson（孙子）/ granddaughter（孙女）是具体说法。,grandparent|/'grændperənt/|n|（外）祖父/母; grandfather|/'grændfɑ:ðə/|n|祖父，始祖; grandmother|/'grændmʌðə/|n|祖母，女祖先; granddad|/ˈɡrændæd/|n|爷爷；外公; grandson|/'grændsʌn/|n|孙子，外孙; granddaughter|/'grændɔ:tə(r)/|n|孙女，外孙女; grandchild|/'grændtʃaild/|n|孙子女；外孙子女; cousin|/'kʌzən/|n|堂兄弟姊妹，表兄弟姊妹; uncle|/ʌŋkl/|n|叔叔，伯父，舅舅; nephew|/'nefju:/|n|侄子；外甥; niece|/ni:s/|n|侄女；外甥女,person|/'pɜ:sn/|n|人，人身，人称; people|/'pi:pl/|n pl|人，使住满人，人民 || married|/'mærid/|adj|已婚的，婚姻的,亲属总称（锚词：cousin）；婚姻（锚词：grandmother）,family tree|家谱，家族树; brothers and sisters|兄弟姐妹; uncle and aunt|叔叔和姑姑，舅舅和姨妈,今日回读：请重新朗读背诵第 32、47、55、58、60、61 天的句子。复现旧词：Christmas（第 61 天）之后祖孙同堂的延续、family 与 tree（第 3、31 天，“家族树”）、aunt（第 3 天，与 uncle 成对）。,"292,546,547,548,549,551,553,554,773,849,859,950,955,1392"
63,"At the school concert the band plays rock and pop songs: Sam the drums, Lily the piano, Ella the violin, Tom the guitar; I am a jazz and classical fan.",学校音乐会上，乐队演奏摇滚和流行歌曲：山姆打鼓，莉莉弹钢琴，埃拉拉小提琴，汤姆弹吉他；我是爵士乐和古典乐的乐迷。,本句用一般现在时描写音乐会现场：the band plays rock and pop songs 是主谓宾结构；冒号后面是四个并列部分，后三个省略了 plays（Sam the drums = Sam plays the drums）；表示“演奏某种乐器”用 play the + 乐器；末尾 I am a jazz and classical fan 用名词 fan 表示“……迷”。,concert|/'kɒnsət/|n|音乐会; band|/bænd/|n|带子，队，乐队; rock|/rɒk/|n|岩石；摇滚乐; pop|/pɒp/|n & adj|流行音乐；砰的一声；汽水; song|/sɒŋ/|n|歌曲; drum|/drʌm/|n|鼓，鼓声; piano|/pi'ɑ:nəu/|n|钢琴; violin|/.vaiə'lin/|n|小提琴; guitar|/gi'tɑ:/|n|吉他; jazz|/dʒæz/|n|爵士乐; classical|/'klæsikl/|adj|古典的，经典的; fan|/fæn/|n|风扇，迷，狂热者,"hip hop|/hip hɔp/|n|嘻哈音乐; rap|/ræp/|n|说唱音乐；轻敲; reggae|/'re,gei/|n|雷鬼音乐; opera|/'ɒpərə/|n|歌剧 || instrument|/'instrumənt/|n|乐器；仪器，工具; CD|/ˌsiː ˈdiː/|n|激光唱片；光盘",音乐流派（锚词：jazz）；乐器与载体（锚词：guitar）,play the guitar|弹吉他; rock band|摇滚乐队; pop music|流行音乐,今日回读：请重新朗读背诵第 33、48、56、59、61、62 天的句子。复现旧词：school（第 11 天）、play（第 19 天）、music（第 12 天）、Christmas（第 61 天，本场是学校圣诞音乐会）。扩展组复习旧词另在扩展块回读。,"91,208,243,277,370,439,569,608,658,679,905,964,996,1044,1053,1068,1189,1414"
64,"Seaview is smaller than the old town but better: larger houses, narrow streets, wide roads, a high hill, a low wall, more lights, less rain, and the most beautiful tree.",塞维尤比老家的小镇小，但更好：房子更大、街道更窄、马路更宽、山更高、墙更矮，灯更多、雨更少，还有一棵最漂亮的树。,本句用比较级和最高级对比新旧两个小镇：单音节形容词加 -er 构成比较级（smaller、larger），than 引出比较对象；better 是 good 的不规则比较级；多音节形容词用 more / most（the most beautiful）；less 表示“更少”，后面接不可数名词（less rain）。冒号后是并列的名词短语，省略了重复的谓语。,"than|/ðæn/|prep & conj|比; better|/'betə/|adj & adv|更好的；较好地; large|/lɑ:dʒ/|adj|大的，大量的，宽大的; narrow|/'nærəu/|adj|狭窄的; wide|/waid/|adj|宽的; high|/hai/|adj|高的，高级的，主要的; low|/ləu/|adj|低的，消沉的，低等的; more|/mɒ:/|adj, det, pron & adv|更多的；更; less|/les/|adj, det, pron & adv|少的，较少，小的; most|/məust/|adj, det, pron & adv|大多数；最",quite|/kwait/|adv|相当，十分; rather|/'ræðə/|adv|宁可；相当，有点 || small|/smɒ:l/|adj|小的; tall|/tɒ:l/|adj|高的; short|/ʃɒ:t/|adj|短的；矮的; easy|/'i:zi/|adj|容易的; difficult|/'difikəlt/|adj|困难的,程度副词（锚词：more）；反义复习（锚词：less）,better than|比……更好; narrow streets|狭窄的街道; the most beautiful|最美的（最高级）,今日回读：请重新朗读背诵第 34、49、57、60、62、63 天的句子。复现旧词：town（第 6 天）、old（第 6 天）、lights（第 61 天，圣诞灯）、tree（第 31 天）、beautiful（第 50 天）、rain（第 32 天）。扩展组复习词 small（第 2 天）、tall / short（第 50 天）、easy / difficult（第 12 天）随扩展块回读。,"116,604,709,722,756,817,819,840,1031,1045,1290,1460"
65,"Suppose we plan a party. Shall we call the cafe immediately? It is not far. Of course — maybe, perhaps: possible, not impossible, but not sure. Mrs Carter's appointment is fine.",我们筹划一个聚会吧。我们现在就给咖啡馆打电话好吗？那里不远。当然——也许、或许吧：是可能的，不是不可能，但我不太确定。卡特太太的预约没问题。,本句是露西的计划笔记。Suppose we ... 表示“要不我们……吧”，用来提出建议；Shall we ...? 是 shall 的典型用法，第一人称提建议、征求意见；of course、maybe、perhaps、possible、impossible、sure 是一组表示“确定程度”的说法，从最肯定到不确定依次排列；but not sure 承接前面的推测。,suppose|/sə'pəuz/|v|推想，认为; plan|/plæn/|n & v|计划；打算; shall|/ʃæl/|v|将要; call|/kɒ:l/|v|呼叫，叫喊，召集; cafe|/kɑ:'fei/|n|咖啡馆，酒店; immediately|/i'mi:diətli/|adv|直接地，立刻，立即; far|/fɑ:/|adv|远，很远; of course|/ɒv kɒ:s/|adv|当然; maybe|/'meibi:/|adv|也许，大概; perhaps|/pə'hæps/|adv|也许，大概; possible|/'pɒsəbl/|adj|可能的，潜在的，合适的; impossible|/im'pɒsəbl/|adj|不可能的，难以置信的，令人无法忍受的; sure|/ʃuə/|adj|确信的，肯定的; appointment|/ə'pɒintmənt/|n|预约；约会; fine|/fain/|adj|好的，晴朗的，健康的,address|/ə'dres/|n|地址 || certainly|/'sɜ:tənli/|adv|确定地,预约地址（锚词：appointment）；肯定与确定（锚词：sure）,of course|当然可以; plan a party|筹备一个聚会; an appointment with the doctor|与医生的预约,今日回读：请重新朗读背诵第 35、50、58、61、63、64 天的句子。复现旧词：party（第 47 天万圣节派对）、we / it / is / not（第 1-2 天）；Mrs Carter 是白名单人物（第 2 天起登场）。,"12,59,181,183,216,441,464,641,643,778,890,954,976,998,1115,1249,1250"
66,"What has happened since December? Granddad has already left; the flowers died; Christmas came, the new year begins; Tom has not found the card yet; the old tree is dead.",十二月以来都发生了什么？爷爷已经回去了；花都谢了；圣诞节过去了，新年就要开始；汤姆还没找到那张卡片；那棵老树也死了。,本句是露西的十二月回顾，重点是现在完成时（has / have + 过去分词）：has happened、has already left、has not found ... yet 都表示“到现在为止已经（还没）发生的事”。since + 时间点表示“自从……以来”，常与现在完成时连用；already 表示“已经”，yet 用在否定句末尾表示“还没”。句中也用一般过去时讲已经结束的事（died、came），用一般现在时讲眼前的事实（begins、is dead）。,happen|/'hæpən/|v|发生，恰巧; since|/sins/|prep|自...以后，自...以来; already|/ɒ:l'redi/|adv|已经，早已; leave|/li:v/|v|离开，出发，剩下; die|/dai/|v|死，死亡; come|/kʌm/|v|过来，来，到达; begin|/bi'gin/|v|开始; find|/faind/|v|发现，裁决，感到; yet|/jet/|adv|还，尚; dead|/ded/|adj|死的,born|/bɒ:n/|adj|出生的；天生的; life|/laif/|n|生活，生命，人生; live|/liv.laiv/|v|活着，生活；居住,生命阶段（锚词：die）,What has happened?|发生了什么事？; not yet|还没有; since December|自十二月以来,今日回读：请重新朗读背诵第 36、51、59、62、64、65 天的句子。复现旧词：December（第 16 天）、Christmas（第 61 天）、card（第 61 天贺卡）、Granddad（第 62 天）、tree 与 flowers（第 31 天）、old（第 6 天）。,"36,108,142,272,320,335,463,580,716,730,741,1141,1493"
67,"Together we fill a box and collect the small cards — even Tom pulls and pushes; Dad checks, fixes the star; I only use my hands to hold, point and choose.",我们一起把盒子装满、把小卡片收起来——连汤姆都在拉、在推；爸爸检查并修好了那颗星星；我只用自己的手去拿、去指、去挑。,本句用一般现在时描写一家人动手干活的连续镜头。pull / push / fill / collect 是一组动作动词，check（检查）和 fix（修理）常连用；only 表示“只”，even 表示“甚至”，都紧放在被强调的词前：I only use my hands（我只用手）、even Tom pulls（连汤姆都拉）。分号和破折号把几个并列动作连成一段画面。,together|/tə'geðə/|adv|一起，共同; fill|/fil/|v|装满，填充; collect|/kə'lekt/|v|收集，采集; even|/'i:vən/|adv|甚至; pull|/pul/|v|拉，拖，拔; push|/puʃ/|v|推; check|/tʃek/|v|检查，核对; fix|/fiks/|v|修理；安装; only|/'əunli/|adv & adj|只有，唯一的，仅仅; use|/ju:s/|v|使用，运用; hold|/həuld/|v|拿着；握住; point|/pɒint/|n & v|指，指向；要点; choose|/tʃu:z/|v|选择，挑选,own|/əun/|adj|自己的，嫡亲的，同胞的; borrow|/'bɒrəu/|v|借，借入，借用; belong|/bi'lɒŋ/|v|属于，合适 || fill in|/fil in/|phr v|填写，填充,拥有与借还（锚词：hold）；短语动词（锚词：fill）,fill in|填写，填入; use your hands|用你的手; check the answer|检查答案,今日回读：请重新朗读背诵第 37、52、60、63、65、66 天的句子。复现旧词：box（第 5 天）、cards（第 61 天贺卡）、star（第 61 天）、Dad（第 3 天）、Tom（第 3 天）、small（第 2 天）。扩展组里的 own / borrow / belong（锚词 hold）、fill in（锚词 fill）随扩展块回读。,"112,143,223,234,268,408,460,461,476,614,903,919,989,1017,1021,1335,1403"
68,"The school concert was brilliant, really excellent: lovely lights, pretty cards, amazing songs, a perfect tree, great food and pleasant music — a real, fantastic, wonderful Christmas, the best ever.",学校的音乐会太棒了，真是精彩：可爱的彩灯、漂亮的卡片、美妙的歌声、完美的圣诞树、美味的食物和悦耳的音乐——这是一个真正的、梦幻的、美妙的圣诞节，有史以来最好的一个。,本句是露西对圣诞音乐会的满口称赞，was 后面接一串褒义形容词（brilliant、excellent、lovely、pretty、amazing、perfect、great、pleasant、fantastic、wonderful）。really 放在形容词前加强语气（really excellent）；冒号和破折号后是并列的名词短语，省略了重复的主谓语；the best ever 是 good 的最高级加 ever，表示“有史以来最好的”。,brilliant|/'briljənt/|adj|灿烂的；极好的；聪颖的; really|/'riəli/|adv|确实，真的; excellent|/'ekslənt/|adj|优良的，杰出的，出色的; lovely|/'lʌvli/|adj|可爱的，有趣的; pretty|/'priti/|adj|漂亮的; amazing|/ə'meiziŋ/|adj|令人惊异的; perfect|/'pɜ:fikt/|adj|完美的; great|/greit/|adj|伟大的；极好的；大的; pleasant|/'pleznt/|adj|令人愉快的; real|/'riəl/|adj|真的，真实的; fantastic|/fæn'tæstik/|adj|极好的; wonderful|/'wʌndəful/|adj|令人惊奇的；极好的; ever|/'evə/|adv|曾经，究竟，永远,nice|/nais/|adj|美好的，令人愉快的; good|/gud/|adj|好的，优良的，上等的; beautiful|/'bju:tiful/|adj|美丽的,好极了复习（锚词：brilliant）,the best ever|有史以来最好的; a wonderful Christmas|美好的圣诞节; great food|美味的食物,今日回读：请重新朗读背诵第 38、53、61、64、66、67 天的句子。复现旧词：school（第 11 天）、concert 与 songs（第 63 天）、Christmas、lights、cards（第 61 天）、tree（第 31 天）、music（第 12 天）、food（第 27 天）、best 来自 good（第 50 天）。扩展组复习词 nice（第 7 天）、good / beautiful（第 50 天）随扩展块回读。,"40,158,410,418,440,557,755,953,985,1010,1049,1050,1476"
69,"Being healthy and free is important; my clever cousin is interested in famous modern art; a clear, simple answer is correct, the wrong one is not fair — that is normal.",身体健康、自由自在很重要；我聪明的表妹对著名的现代艺术感兴趣；清楚、简单的答案才是正确的，错的答案就不公平——这很正常。,"本句用形容词描述人和事。动名词短语 Being healthy and free 作主语，系动词用 is；be interested in 表示“对……感兴趣”，后面接名词（famous modern art）；形容词并列时按顺序读作 a clear, simple answer；the wrong one 用 one 代替前面提过的 answer，避免重复。normal 表示“正常的、平常的”。",healthy|/'helθi/|adj|健康的，有益健康的，卫生的; free|/fri:/|adj|自由的；免费的；空闲的; important|/im'pɒ:tənt/|adj|重要的，有地位的，大量的; clever|/'klevə/|adj|聪明的，精明的; interested|/'intristid/|adj|感兴趣的; famous|/'feiməs/|adj|出名的，著名的; modern|/'mɒdən/|adj|现代的; clear|/kliə/|adj|清楚的；明亮的; simple|/'simpl/|adj|简单的; correct|/kə'rekt/|adj|正确的，合适的; wrong|/rɒŋ/|adj|错误的; fair|/feə/|adj|公平的；合理的; normal|/'nɒ:ml/|adj|正常的，正规的，标准的,"usual|/'ju:ʒuəl/|adj|平常的，通常的 || right|/rait/|n, adj & adv|正确的；右边的；右边",平常与通常（锚词：normal）；正确复习（锚词：correct）,be interested in|对……感兴趣; free time|空闲时间; a wrong answer|错误的答案,今日回读：请重新朗读背诵第 39、54、62、65、67、68 天的句子。复现旧词：cousin（第 62 天）、art（第 12 天美术课）、answer（第 14 天）、one / not（第 8 天）。扩展组里的 usual（锚词 normal）与复习词 right（第 40 天）随扩展块回读。,"249,250,284,435,438,502,592,642,660,809,873,1140,1405,1488"
70,"An accident: the car broke down — an ambulance, danger, a dangerous minute — but we saved him, he is safe; repair, insurance, no problem, no trouble, only a change, a pity.",出了一场事故：我们的车在路上抛锚了——救护车、危险、危险的一分钟——不过我们把他救了出来，他平安无事；修理、保险、没问题、没麻烦，只是行程有了变化，真可惜。,本句讲一桩小事故。broke down 是 break down 的过去式，指汽车（中途）抛锚；danger 是名词（in danger 表示“处于危险中”），dangerous 是形容词（a dangerous minute 表示“危险的一分钟”）；save 的过去式 saved 表示“救出”。no problem / no trouble 用 no 直接否定名词。冒号和分号后面用名词短语列出要处理的事（repair、insurance），是日记里常见的省略写法。,accident|/'æksidənt/|n|事故，意外; break|/breik/|n & v|打破；弄坏；休息; ambulance|/'æmbjuləns/|n|救护车; danger|/'deindʒə/|n|危险，威胁; dangerous|/'deindʒərəs/|adj|危险的; save|/seiv/|v|救；储蓄；节省; safe|/seif/|adj|安全的; repair|/ri'peə/|v|修理，修补; insurance|/in'ʃurəns/|n|保险; problem|/'prɒbləm/|n|问题，难题; trouble|/'trʌbl/|n|烦恼，麻烦; change|/tʃeindʒ/|v & n|改变，变化，更换; pity|/'piti/|n|遗憾，可惜,delay|/di'lei/|n & v|耽搁，延误; delayed|/di'leid/|adj|延误的；迟的,延误（锚词：accident）,break down|（车）抛锚; in danger|处于危险中; save money|省钱,今日回读：请重新朗读背诵第 40、55、63、66、68、69 天的句子。复现旧词：car（第 42 天）、minute（第 30 天）、no（第 9 天）、he / him（第 3 天）、only（第 67 天）。扩展组单词 delay / delayed（锚词 accident）随扩展块回读。,"5,41,155,218,314,315,325,326,659,973,1014,1056,1079,1089,1362"
71,"Our trip: we pack suitcases and luggage, check passports and tickets, travel to Sydney, arrive on Friday, stay in a hotel, and return in a month — a long journey.",我们的旅行：收拾好行李箱和行李，检查护照和机票，飞往悉尼，周五到达，住进旅馆，一个月后回来——一段长长的旅程。,本句用一般现在时叙述出发前的安排，冒号后是一串并列动作：pack（装箱）、check（核对）、travel（旅行）、arrive（到达）、stay（住）、return（返回）。suitcase 指一只箱子，luggage 是“行李”的总称（不可数，不加 -s）；arrive 后常接 in / at + 地点，stay 后接 in + 地点；破折号后的 a long journey 是对整段行程的总结。,trip|/trip/|n|旅行，出行; pack|/pæk/|v|包装；收拾（行李）; suitcase|/'sju:tkeis/|n|手提箱; luggage|/'lʌgidʒ/|n|行李，皮箱; passport|/'pæspɒ:t/|n|护照，手段，通行证; ticket|/'tikit/|n|票，券; travel|/'trævl/|v|旅行，出行; arrive|/ə'raiv/|v|到达，抵达; stay|/stei/|v|停留，逗留；保持; hotel|/həu'tel/|n|旅馆，客栈; return|/ri'tɜ:n/|n & v|回来，返回；归还; journey|/'dʒɜ:ni/|n|旅程，旅行，行程,visit|/'vizit/|v|拜访，参观; visitor|/'vizitə/|n|参观者，游客; tourist|/'tuərist/|n|游客，观光客; tour|/tuə/|n & v|旅游，观光 || travel agent|/'trævl 'eidʒənt/|n|旅行社；旅行代理人; tourist information centre|/'tuərist .infə'meiʃən 'sentə/|n|旅游信息中心,旅人（锚词：travel）；旅行服务（锚词：journey）,pack a suitcase|收拾行李箱; a return ticket|往返票; travel by plane|乘飞机旅行,今日回读：请重新朗读背诵第 41、56、64、67、69、70 天的句子。复现旧词：check（第 67 天）、Friday（第 15 天）、month（第 16 天）、and / we（第 1 天）。扩展组里的 visit / visitor / tourist / tour（锚词 travel）与 travel agent / tourist information centre（锚词 journey）随扩展块回读。,"64,623,684,759,920,937,1059,1217,1242,1321,1345,1347,1348,1357,1358,1361,1415,1416"
72,"Summer at the beach: warm sea, big waves — I take the surfboard and go swimming and surfing in my swimming costume, then sit under an umbrella near the swimming pool.",海滩上的夏天：温暖的海水、大大的浪——我拿起冲浪板，穿着泳衣去游泳、去冲浪，然后坐在泳池边的遮阳伞下。,"本句描写南半球夏天的海滩。go swimming / go surfing 是“去做某项运动”的固定说法，go 后面接 -ing 形式；swimming costume 是英式英语的“泳衣”，swimming pool 指泳池。冒号后的 warm sea, big waves 是并列名词短语，用来铺场景；then 表示动作的先后顺序。",summer|/'sʌmə/|n|夏季，夏天; beach|/bi:tʃ/|n|海滩; sea|/si:/|n|大海，海洋; wave|/weiv/|n & v|波浪；挥手; surfboard|/'sɜ:fbɒ:d/|n|冲浪板，用冲浪板滑水; swimming|/'swimiŋ/|n|游泳（活动）; swimming costume|/'swimiŋ 'kɒstju:m/|n|泳衣; surfing|/'sɜ:fiŋ/|n|冲浪运动; umbrella|/ʌm'brelə/|n|伞，雨伞; swimming pool|/ˈswɪmɪŋ pu:l/|n|游泳池; pool|/pu:l/|n|水池，泳池,surfboarding|/ˈsɜ:fbɔ:dɪŋ/|n|冲浪板运动; windsurfing|/'wind.sɜ:fiŋ/|n|帆板运动; sailing|/'seiliŋ/|n|航行，航海术，启航; sail|/seil/|v|航行；帆,水上运动（锚词：surfing）,go swimming|去游泳; on the beach|在海滩上; sit under an umbrella|坐在遮阳伞下,今日回读：请重新朗读背诵第 42、57、65、68、70、71 天的句子。复现旧词：warm（第 32 天）、big（第 2 天）、take（第 46 天）、sit（第 21 天）、near（第 6 天）。扩展组里的 surfboarding / windsurfing / sailing / sail（锚词 surfing）随扩展块回读。,"100,994,1080,1081,1099,1243,1251,1252,1253,1260,1261,1262,1391,1431,1467"
73,"At the campsite a guy, an explorer, gives us a map, a guidebook; we put up the tent, have a barbecue and explore the rainforest — a real adventure at camp.",在露营地，一个家伙——他是位探险家——给了我们一张地图和一本旅行指南；我们搭起帐篷、烧烤、探索雨林——营地生活真是一场真正的冒险。,"本句讲露营地的一天。a guy, an explorer 是同位语，用逗号隔开，后面的 an explorer 说明这个 guy 是谁；give sb sth 表示“给某人某物”；put up the tent 是“搭帐篷”的固定搭配；破折号后的 a real adventure 是对前面活动的总结。",campsite|/kæmp'sait/|n|营地; guy|/gai/|n|家伙，小伙子; explorer|/ik'splɒ:rə/|n|探险家，探索者; map|/mæp/|n|地图; guidebook|/'gaidbuk/|n|指南，手册，要览; tent|/tent/|n|帐篷; barbecue|/'bɑ:bikju:/|n|烧烤；烤肉; explore|/ik'splɒ:/|v|探索，探险; rainforest|/'rein'fɔrist/|n|雨林; adventure|/əd'ventʃə/|n|冒险，冒险经历; camp|/kæmp/|n & v|露营，使扎营，帐篷,boat|/bəut/|n|船; ship|/ʃip/|n|船，舰,船与航行（锚词：map）,put up a tent|搭帐篷; have a barbecue|烧烤; a map of the rainforest|雨林地图,今日回读：请重新朗读背诵第 43、58、66、69、71、72 天的句子。复现旧词：give（第 61 天）、real（第 68 天）、up（第 13 天）、us（第 7 天）。扩展组里的 boat / ship（锚词 map）随扩展块回读。,"15,93,132,186,187,428,429,568,570,770,1042,1121,1282"
74,"In Australia I listen to a foreign language: I talk to an Australian, we speak, he tells me, says sentences — I spell my surname, and we have a good conversation.",在澳大利亚，我听着一种外语：我和一位澳大利亚人交谈，我们说英语，他跟我讲，说了一些句子——我拼出我的姓，我们聊得很愉快。,本句用一般现在时讲在澳大利亚的交流。listen to 表示“听”（强调动作），speak 强调“说、讲语言”，say 强调“说出（内容）”，tell 常用于 tell sb sth（告诉某人某事）；foreign 作定语修饰物，a foreign language 就是“一门外语”。spell 是“拼写”，surname 是“姓”（first name 才是“名”）。,Australia|/ɒ'streiljə/|n|澳大利亚; foreign|/'fɒ:rin/|adj|外国的; talk|/tɒ:k/|n & v|谈话，交谈; Australian|/ɒ'streiljən/|adj & n|澳大利亚的；澳大利亚人; language|/'læŋgwidʒ/|n|语言; tell|/tel/|v|告诉；吩咐; speak|/spi:k/|v|说，讲（某种语言）; say|/sei/|v|说，讲; sentence|/'sentəns/|n|句子; spell|/spel/|v|拼写; surname|/'sɜ:neim/|n|姓，别号，绰号; conversation|/.kɒnvə'seiʃən/|n|会话，说话，交谈,first name|/fɜ:st neim/|n|名，名字 || article|/'ɑ:tikl/|n|文章，冠词，物品,姓名（锚词：surname）；语言元素（锚词：language）,talk about language|谈论语言; a foreign language|一门外语; spell your name|拼写你的名字,今日回读：请重新朗读背诵第 44、59、67、70、72、73 天的句子。复现旧词：boy（第 8 天）、good（第 50 天）、I / my（第 1 天）、we（第 1 天）。扩展组里的 first name（锚词 surname）与 article（锚词 language）随扩展块回读。,"66,79,80,279,471,490,707,1090,1107,1199,1201,1254,1267,1277"
75,"Australia is a big country: the city centre is crowded and a big crowd fills the streets, but the countryside, the village and this area of the world are quiet.",澳大利亚是个大国：市中心很拥挤，一大群人挤满街道，但乡村、小村庄和世界上这一片地区都很安静。,本句用一般现在时对比城市与乡村。country 有两个常用意思：“国家”和“乡下”（本句取前者，countryside 才是“乡村”）；city 与 city centre 是“城市”与“市中心”；crowd 是名词“人群”，crowded 是形容词“拥挤的”。but 连接两个对照的分句。,country|/'kʌntri/|n|国家，乡村，地区; city|/'siti/|n|城市，市; city centre|/ˈsiti ˈsentə/|n|市中心; centre|/'sentə/|n|中心，中心点，中锋; crowded|/'kraudid/|adj|拥挤的，塞满的; crowd|/kraud/|n|人群，群众; countryside|/'kʌntrisaid/|n|乡村，农村; village|/'vilidʒ/|n|村庄; area|/'eəriə/|n|区域，面积，范围; world|/wɜ:ld/|n|世界，地球,Africa|/'æfrikə/|n|非洲; Asia|/'eiʒə/|n|亚洲; Europe|/'juərəp/|n|欧洲; North America|/nɒ:θ ə'merikə/|n|北美洲; South America|/sauθ ə'merikə/|n|南美洲; Antarctica|/ænt'ɑ:ktikə/|n|南极洲,大洲（锚词：world）,in the city centre|在市中心; a big crowd|一大群人; around the world|世界各地,今日回读：请重新朗读背诵第 45、60、68、71、73、74 天的句子。复现旧词：big（第 2 天）、quiet（第 24 天）、fill（第 67 天）、streets（第 40 天）、this（第 2 天）。扩展组里的大洲名 Africa / Asia / Europe / North America / South America / Antarctica（锚词 world）随扩展块回读。,"19,50,61,69,212,240,241,289,290,300,301,407,875,1195,1413,1482"
76,"In the city I meet people from China, Japan, India, Brazil and Mexico: a Japanese family, a Brazilian girl and an Indian boy in the big crowd.",在城里我遇见来自中国、日本、印度、巴西和墨西哥的人：一大群人里有日本家庭、巴西女孩和印度男孩。,本句用一般现在时介绍来自不同国家的人。国家名首字母大写（China、Japan、India、Brazil、Mexico），对应的国籍词也大写（Japanese、Indian、Brazilian），在句中既可作形容词也可作名词（a Japanese family / a Brazilian girl / an Indian boy）。meet people from + 国家 表示“遇见来自……的人”。,China|/'tʃainə/|n|中国; Japan|/dʒə'pæn/|n|日本; India|/'indjə/|n|印度; Brazil|/brə'zil/|n|巴西; Mexico|/'meksikəu/|n|墨西哥; Japanese|/.dʒæpə'ni:z/|adj & n|日本的；日本人；日语; Brazilian|/brə'ziljən/|adj & n|巴西的；巴西人; Indian|/'indiən/|adj & n|印度的；印度人,Korean|/kə'riən/|adj & n|韩国的；韩国人；韩语; Italian|/i'tæljən/|adj & n|意大利的；意大利人; Spanish|/'spæniʃ/|adj & n|西班牙的；西班牙人；西班牙语; French|/frentʃ/|adj & n|法国的；法国人；法语; German|/'dʒɜ:mən/|adj & n|德国的；德国人；德语 || Korea|/kə'riə/|n|韩国; Italy|/'itəli/|n|意大利; Spain|/spein/|n|西班牙; France|/frɑ:ns/|n|法国; Germany|/'dʒɜ:məni/|n|德国,国籍对应 1（锚词：Japan）；国家名 1（锚词：China）,come from China|来自中国; Japanese food|日本料理; in Brazil|在巴西,今日回读：请重新朗读背诵第 46、61、69、72、74、75 天的句子。复现旧词：city（第 75 天）、meet（第 7 天）、people（第 62 天扩展词）、crowd（第 75 天）、family / girl / boy（第 3、8 天）。扩展组的国家名 Korea / Italy / Spain / France / Germany（锚词 China）与国籍 Korean / Italian / Spanish / French / German（锚词 Japan）随扩展块回读。,"152,153,230,501,503,525,526,647,648,670,671,677,678,703,704,793,1197,1198"
77,"In this international city families from Britain, America, Canada, Russia and Ireland live together: British, American, Canadian, Russian, Irish and Mexican people — every nationality, and the national game is popular.",在这座国际化的城市里，来自英国、美国、加拿大、俄罗斯和爱尔兰的家庭住在一起：英国人、美国人、加拿大人、俄罗斯人、爱尔兰人和墨西哥人——各种国籍都有，而且这项全国性的运动很受欢迎。,本句讲城市的国际化。国家名（Britain、America、Canada、Russia、Ireland）与对应国籍词（British、American、Canadian、Russian、Irish、Mexican）要成对记。national 是形容词“国家的”（the national game），nationality 是名词“国籍”；international 表示“国际的”；live together 表示“住在一起”；be popular 表示“受欢迎”。,international|/.intə'næʃənəl/|adj|国际的; Britain|/'britən/|n|英国; America|/ə'merikə/|n|美国; Canada|/'kænədə/|n|加拿大; Russia|/'rʌʃə/|n|俄罗斯; Ireland|/'aiələnd/|n|爱尔兰; British|/'britiʃ/|adj & n|英国的；英国人; American|/ə'merikən/|adj & n|美国的；美国人; Canadian|/kə'neidiən/|adj & n|加拿大的；加拿大人; Mexican|/'meksikən/|adj & n|墨西哥的；墨西哥人; nationality|/.næʃə'næləti/|n|国籍，国家，民族性; national|/'næʃənəl/|adj|国家的，国立的，全国性的; popular|/'pɒpjulə/|adj|通俗的，流行的，受欢迎的,Irish|/'airiʃ/|adj & n|爱尔兰的；爱尔兰人; Russian|/'rʌʃən/|adj & n|俄罗斯的；俄罗斯人；俄语,国籍对应 2（锚词：Britain）,an international city|国际化城市; the national game|全民运动; popular with people|受人们欢迎,今日回读：请重新朗读背诵第 47、62、70、73、75、76 天的句子。复现旧词：city（第 75 天）、families / people（第 3、62 天）、together（第 67 天）、every（第 17 天）、game（第 19 天）、live（第 66 天扩展词）。扩展组的国籍 Irish / Russian（锚词 Britain）随扩展块回读。,"42,43,160,161,189,190,662,666,667,792,841,842,997,1076,1077"
78,"On the screen I see an email and a text message; I click the website, download a game, call Lily on my laptop — the telephone and the phone are old.",屏幕上有我一封电子邮件和一条短信；我点开网站，在笔记本电脑上下载了一个游戏，又用电脑给莉莉打电话——这部电话和手机都旧了。,本句用一般现在时讲电子设备。click（点击）和 download（下载）是常用的电脑动词；text message 是“短信”，text 单独用也可以指短信；telephone 是 phone 的正式说法；email 由 electronic + mail 构成，既是“电子邮件”也是“发邮件”。分号前后是“看屏幕”和“用电脑”两组动作。,screen|/skri:n/|n|屏幕；银幕; email|/'i:'meil/|n & v|电子邮件; text|/tekst/|n & v|短信；文本；课文; message|/'mesidʒ/|n|消息，通讯，讯息; text message|/tekst ˈmesidʒ/|n|短信，文字信息; click|/klik/|v|点击；发出咔哒声; website|/ˈwebsaɪt/|n|网站; download|/ˌdaʊnˈləʊd/|n & v|下载；下载的文件; laptop|/ˈlæptɒp/|n|笔记本电脑; telephone|/'telifəun/|n & v|电话；打电话; phone|/fəun/|v & n|电话；打电话,mobile phone|/ˈməubail fəun/|n|手机; printer|/'printə/|n|打印机; digital|/'didʒitəl/|adj|数字的; hairdryer|/ˈheədraɪə(r)/|n|（吹干头发的）吹风机,设备（锚词：laptop）,write an email|写电子邮件; a text message|一条短信; download a game|下载游戏,今日回读：请重新朗读背诵第 48、63、71、74、76、77 天的句子。复现旧词：see（第 21 天）、game（第 19 天）、call（第 65 天）、old（第 6 天）、on / the（第 1 天）；Lily 是白名单人物。扩展组里的 mobile phone / printer / digital / hairdryer（锚词 laptop）随扩展块回读。,"251,339,358,396,574,708,789,808,960,1012,1098,1275,1287,1289,1437"
79,"The television (TV) is on: the news, a film, a programme, a channel, the radio; and at the newsagent I buy videos, DVDs and a magazine with an advertisement.",电视开着：新闻、电影、节目、频道、广播；在报刊亭我买了录像带、DVD，还有一本带广告的杂志。,本句讲媒体设备与日常资讯。television 常缩写为 TV，两者都表示“电视”；programme（英式拼写）指“节目”；channel 是“频道”；news 是不可数名词，不能加 -s；newsagent 是卖报纸杂志的“报刊亭、报摊”。冒号后是并列名词短语，列举电视和广播里的内容；句末 with an advertisement 说明杂志上有什么。,television|/'teli.viʒən/|n|电视; TV|/'ti:'vi:/|n|电视; news|/nju:z/|n|新闻，消息; film|/film/|n & v|电影；胶片; programme|/'prəugræm/|n|节目；程序；计划; channel|/'tʃænəl/|n|频道；海峡；水道; radio|/'reidiəu/|n|收音机；无线电; newsagent|/'nju:zeidʒənt/|n|报刊经销商; video|/'vidiəu/|n|录像；视频; DVD|/ˌdiː viː ˈdiː/|n|数字影碟，DVD光盘; magazine|/.mægə'zi:n/|n|杂志; advertisement|/.ædvə'taizmənt/|n|广告，启事，广告宣传,DVD player|/ˌdiː viː ˈdiː 'pleiə/|n|DVD机; CD player|/ˌsiː ˈdiː 'pleiə/|n|CD播放机; MP3 player|/ˌem piː θriː 'pleiə/|n|MP3 播放器; video recorder|/'vidiəu ri'kɒ:də/|n|录像机 || newspaper|/'nju:z.peipə/|n|报纸; poster|/'pəustə/|n|海报，招贴,播放设备（锚词：DVD）；纸媒与招贴（锚词：programme）,watch television|看电视; watch the news|看新闻; a TV programme|电视节目,今日回读：请重新朗读背诵第 49、64、72、75、77、78 天的句子。复现旧词：buy（第 35 天）、and / on / the（第 1 天）、with（第 6 天）。扩展组里的 DVD player / CD player / MP3 player / video recorder（锚词 DVD）与 newspaper / poster（锚词 programme）随扩展块回读。,"16,209,219,374,375,462,762,827,852,853,854,1001,1015,1036,1276,1372,1411,1412"
80,"At the picnic the food is delicious: a burger, a fresh tomato, a slice of cake, a piece of cake, lemonade, mineral water and cream — every kind of snack.",野餐的食物很美味：汉堡、新鲜西红柿、一片蛋糕、一块蛋糕、柠檬水、矿泉水和奶油——各种各样的点心。,本句描写野餐的食物。slice 和 piece 都表示“片、块”：a slice of cake 是切出来的一片蛋糕，a piece of cake 是一块蛋糕（口语里还常表示“小菜一碟”）；mineral water 是“矿泉水”，作不可数名词用；fresh 是“新鲜的”，delicious 是“美味的”。冒号后并列名词短语，破折号后用 every kind of snack 总结。,picnic|/'piknik/|n|野餐; delicious|/di'liʃəs/|adj|美味的; burger|/'bɜ:gə/|n|汉堡包; fresh|/freʃ/|adj|新鲜的，新奇的，另外的; tomato|/tə'mɑ:təu/|n|番茄，西红柿; slice|/slais/|n|薄的切片，一部分，菜刀; piece|/pi:s/|n|块，片，篇; piece of cake|/pi:s ɔv keik/|n|一块蛋糕；轻松的事; lemonade|/.lemə'neid/|n|柠檬水; mineral water|/ˈminərəl ˈwɔ:tə/|n|矿泉水，矿质水; cream|/kri:m/|n|奶油；乳霜; kind|/kaind/|adj & n|种类；善良的; snack|/snæk/|n|小吃，点心,outdoor|/'autdɒ:/|adj|户外的，屋外的，露天的; outdoors|/'aut'dɒ:z/|adv|在户外，在野外; indoor|/'indɒ:/|adj|户内的，室内的; indoors|/'in'dɒ:z/|adv|在户内,户内户外（锚词：picnic）,a piece of cake|一块蛋糕；小菜一碟; mineral water|矿泉水; a slice of bread|一片面包,今日回读：请重新朗读背诵第 50、65、73、76、78、79 天的句子。复现旧词：food（第 27 天）、cake / water（第 29 天）、every（第 17 天）、at / the（第 1 天）。扩展组里的 outdoor / outdoors / indoor / indoors（锚词 picnic）随扩展块回读。,"167,295,327,504,649,650,696,721,802,915,916,965,968,969,1165,1171,1337"
81,"Exam week: I study, practise with the quiz and improve my reading; the test is useful practice, and the homework is ready — no mistake, I will pass, not fail.",考试周：我学习、用小测验练习、提高阅读；测验是很有用的练习，作业也做完了——没有错误，我会通过，不会不及格。,本句用一般现在时讲考试周，并用 will 讲结果。exam / test / quiz 都指“考试、测验”，从正式到轻松排列；practice 是名词（useful practice），practise 是动词（practise with the quiz），拼写不同、词性不同；pass 与 fail 是一对反义动词；破折号前的 no mistake 是名词短语，表示“没有错误”。,exam|/ig'zæm/|n|考试，测验; study|/'stʌdi/|v|学习；研究; practise|/'præktis/|v|练习; quiz|/kwiz/|n|小测验，知识竞赛; improve|/im'pru:v/|v|改善，提高; reading|/'ri:diŋ/|n|阅读（活动）; test|/test/|n|测试，测验; useful|/'ju:sful/|adj|有用的; practice|/'præktis/|n|练习；实践; homework|/'həumwɜ:k/|n|家庭作业，家里做的工作; ready|/'redi/|adj|准备好的; mistake|/mis'teik/|n|错误; pass|/pæs/|v|经过，越过，变化; fail|/feil/|v|失败；不及格,teach|/ti:tʃ/|v|教，讲授; student|/'stju:dnt/|n|学生,教与学（锚词：study）,do my homework|做作业; pass the exam|通过考试; make a mistake|犯错误,今日回读：请重新朗读背诵第 51、66、74、77、79、80 天的句子。复现旧词：week（第 15 天）、will（第 57 天）、no / not（第 8-9 天）、with（第 6 天）。扩展组复习词 teach / student（锚词 study）随扩展块回读。,"416,434,617,644,807,935,1006,1007,1032,1047,1048,1233,1235,1271,1286,1404"
82,"I ask Miss Green to describe and explain the difference between the two different activities, and she agrees with me: one example among many — no excuse, anyway, so learn it.",我请格林老师描述并解释这两种不同活动的区别，她同意我的说法：许多例子里的一个——没有借口，反正，学会它吧。,本句用一般现在时讲课堂上的问答。ask sb to do sth 表示“请某人做某事”（ask Miss Green to explain）；difference 是名词（the difference between A and B），different 是形容词（two different activities）；among 表示“在（三者以上）之中”；agree with sb 表示“同意某人”；anyway 表示“无论如何、反正”。冒号后面是老师给出的一个例子。,ask|/ɑ:sk/|v|问，要求，邀请; describe|/di'skraib/|v|描述，描写; explain|/ik'splein/|v|解释，说明; difference|/'difərəns/|n|不同，差异; different|/'difərənt/|adj|不同的; activity|/æk'tiviti/|n|活动，行动，活跃; agree|/ə'gri:/|v|同意，赞成; example|/ig'zæmpl/|n|例子，样本，实例; among|/ə'mʌŋ/|prep|在...之中; excuse|/ik'skju:z/|v|原谅；借口; anyway|/'eniwei/|adv|无论如何，至少; learn|/lɜ:n/|v|学习，认识到，得知,instructions|/ɪnˈstrʌkʃnz/|n pl|说明，指示; information|/.infə'meiʃən/|n|消息，知识，通知,说明与信息（锚词：explain）,for example|例如; ask a question|问问题; the difference between|……之间的差别,今日回读：请重新朗读背诵第 52、67、75、78、80、81 天的句子。复现旧词：Miss Green（白名单人物，第 11 天起）、two（第 8 天）、many（第 17 天）、with（第 6 天）、one（第 8 天）。扩展组里的 instructions / information（锚词 explain）随扩展块回读。,"8,27,44,55,70,331,336,337,417,422,427,651,657,714"
83,"All day, afternoon till night: I study until the evening, and afterwards, while the moon is up, the weekly and monthly tests come — later, suddenly, I am not well.",一整天，从下午到夜里：我一直学到傍晚，之后，月亮升起来的时候，每周和每月的测验来了——后来，我突然不舒服了。,本句用时间状语从句串起一天：while 引导“当……时”（while the moon is up），until / till 表示“直到……为止”；afterwards 表示“之后”，later 表示“后来”，suddenly 表示“突然”。weekly 是“每周的”，monthly 是“每月的”，由 week / month 加 -ly 构成。all day 表示“一整天”。,day|/dei/|n|天，日子，白天; afternoon|/'ɑ:ftə'nu:n/|n|午后，下午; till|/til/|prep|直到，在…以前; night|/nait/|n|夜，夜晚，晚上; until|/ən'til/|prep|直到; evening|/'i:vniŋ/|n|傍晚，晚间，末期; afterwards|/'ɑ:ftəwədz/|adv|然后，后来; while|/hwail/|conj|当…的时候；虽然; moon|/mu:n/|n|月亮，月球; weekly|/'wi:kli/|adj & adv|每周的; monthly|/'mʌnθli/|adj & adv|每月的，每月一次的; later|/'leitə/|adv|以后，随后; suddenly|/'sʌdənli/|adv|突然; well|/wel/|adv & adj|好；健康的；井,early|/'ɜ:li/|adj & adv|早的，很早，早熟的; late|/leit/|adj & adv|迟的，很晚，晚的; soon|/su:n/|adv|不久，很快,时间反义复习（锚词：later）,all day|一整天; in the evening|在晚上; from morning till night|从早到晚,今日回读：请重新朗读背诵第 53、68、76、79、81、82 天的句子。复现旧词：study（第 81 天）、come（第 66 天）、test（第 81 天）、am / not（第 1、8 天）。扩展组复习词 early / late（第 24 天）、soon（第 16 天）随扩展块回读。,"21,22,319,409,712,815,816,860,1239,1327,1399,1443,1445,1454"
84,"If you need any help, ask me or another student; some other day we can study without such problems at all — except next week, all right? Yes — ask someone else.",如果你需要任何帮助，可以问我或者别的同学；改天我们可以毫无这类问题地一起学习——除了下周，行吗？好的——去问别人吧。,本句练习 if 引导的条件句：If you need any help（如果你需要帮助）。any 多用于疑问句和条件句，some 多用于肯定句（some other day）；another 表示“另一个”，other 表示“别的”；without 表示“没有、不用”，except 表示“除……之外”；such 是“这样的”；at all 用于强调（not ... at all / 句末加强语气）。All right? 用来征求同意，Yes 是最简单的肯定回答。,if|/if/|conj|如果，是否，无论何时; any|/'eni/|det & pron|任何; or|/ɒ:/|conj|或，或者; another|/ə'nʌðə/|det & pron|又一个，另一个，类似的另一个; some|/sʌm/|det & pron|一些，若干; other|/'ʌðə/|det|其他的，另外的，他人; without|/wi'ðaut/|prep|没有，无; such|/sʌtʃ/|det & adj|如此的，这样的; at all|/æt ɒ:l/|adv|根本，完全; except|/ik'sept/|prep|除了...之外，若不是，除非; next|/'nekst/|adj & adv|下一个的，然后，其次的; all right|/ɒ:l rait/|adv|好的；行; yes|/jes/|exclam|是，对; else|/els/|adv|另外，否则，不然,,,all right|好吧，行; next week|下周; someone else|别人,今日回读：请重新朗读背诵第 54、69、77、80、82、83 天的句子。复现旧词：help（第 56 天）、ask（第 82 天）、study（第 81 天）、week（第 15 天）、we / you / me（第 1-2 天）。,"32,48,51,75,395,419,639,856,907,910,1182,1238,1474,1491"
85,"I hear a sound in the chatroom: we chat, my pen-friend tells a true story — her brother, her heart and his note, its name — no matter, I do not mind.",我听见聊天室里有声音：我们聊天，我的笔友讲了一个真实的故事——她的弟弟、她的心事、他留的便条、故事的名字——没关系，我不介意。,本句讲在网上和朋友聊天。hear 是“听见”（强调结果），sound 是名词“声音”；chat 既是动词“聊天”，也是名词，chatroom 是由 chat + room 合成的“聊天室”；pen-friend 是“笔友”。her / his / its 是形容词性物主代词，分别对应“她的 / 他的 / 它的”（its 指前面那个 story）。It does not matter. 与 I do not mind. 都是“没关系、我不介意”。,hear|/hiə/|v|听到，听见，倾听; sound|/saund/|v|声音；听起来; chatroom|/'tʃætˌru:m/|n|聊天室; chat|/tʃæt/|n|闲谈; pen-friend|/'pen frend/|n|通信朋友，笔友; true|/tru:/|adj|真实的; story|/'stɒ:ri/|n|故事，小说; her|/hɜ:/|det & pron|她的，她; heart|/hɑ:t/|n|心，心脏，中心; his|/hiz/|det & pron|他的; note|/nəut/|n & v|笔记；便条；注意到; its|/its/|det|它的; matter|/'mætə/|v|有关系; mind|/maind/|v|介意；留心,email|/'i:'meil/|n & v|电子邮件; letter|/'letə/|n|信；字母; postcard|/'pəustkɑ:d/|n|明信片; write down|/rait daun/|phr v|写下，记下,通信与记录（锚词：chat）,a true story|真实的故事; chat with a pen-friend|和笔友聊天; write down|写下,今日回读：请重新朗读背诵第 55、70、78、81、83、84 天的句子。复现旧词：brother（第 3 天）、name（第 7 天）、no / not（第 9、8 天）、I / my（第 1 天）。扩展组复习词 email（第 78 天）、letter / postcard（第 57 天）随扩展块回读。,"220,221,593,594,600,609,672,776,800,878,948,1192,1226,1364,1486"
86,"On the stage: the school show — an actor, a clown, a king, a queen and a dragon act in the circus; I paint them for Miss Green and Ms White.",舞台上：学校的演出——演员、小丑、国王、王后和一条龙在马戏团里表演；我为格林老师和怀特女士画下他们。,本句描写学校演出。act 既是动词“表演”，也是名词“幕、表演”，actor 是“演员”（act + or）；clown、king、queen、dragon 是舞台上的角色；circus 指“马戏团”。Miss 用于未婚女性的姓前（Miss Green），Ms 是不知道婚姻状况时对女性的称呼（Ms White），两者后面都只接姓——Ms White 是另一位女老师。,stage|/steidʒ/|n|舞台；阶段; show|/ʃəu/|v & n|展示；演出；节目; actor|/'æktə/|n|演员; clown|/klaun/|n|小丑; king|/kiŋ/|n|国王，君主; queen|/'kwi:n/|n|女王，王后; dragon|/'drægən/|n|龙; act|/ækt/|v|行动；表演，扮演; circus|/'sɜ:kəs/|n|马戏团; paint|/peint/|v & n|油漆；绘画，涂色; Miss|/mis/|n|小姐，女士; Ms|/miz/|n|美国微软公司，主存储器，制造系统,camera|/'kæmərə/|n|照相机，摄像机; photography|/fə'tɒgrəfi/|n|摄影，摄影术; photo|/'fəutəu/|n|相片，照片,影像（锚词：paint）,on the stage|在舞台上; a school show|学校演出; a dragon and a queen|一条龙和一位王后,今日回读：请重新朗读背诵第 56、71、79、82、84、85 天的句子。复现旧词：school（第 11 天）、paint 之外的 picture / drawing 已在前几天学过、for / them（第 6、18 天）。扩展组里的 camera / photography / photo（锚词 paint）随扩展块回读。,"7,9,185,239,260,361,697,805,830,923,961,963,1026,1134,1210"
87,"At the petrol station: the engine, the brake, the tyre, the wheel — Dad drives on the motorway with his driving licence to the garage for parking; I cycle home.",在加油站：发动机、刹车、轮胎、车轮——爸爸带着他的驾照沿高速公路开到车库去停车；我骑自行车回家。,本句讲汽车与道路。engine（发动机）、brake（刹车）、tyre（轮胎）、wheel（车轮）是汽车的四个部件；petrol station 是“加油站”（petrol 就是汽油）；motorway 是“高速公路”；garage 是“车库、修车行”；parking 是“停车”；driving licence 是“驾驶执照”（licence 单独用也表示执照/许可证），开车要带驾照，而 cycle（骑自行车）不需要，所以骑车的人是露西自己。,petrol|/'petrəl/|n|汽油; petrol station|/ˈpetrəl ˈsteiʃən/|n|加油站; engine|/'endʒin/|n|引擎，发动机; brake|/breik/|n & v|刹车；制动器; tyre|/'taiə/|n|轮胎; wheel|/hwi:l/|n|轮子；车轮; motorway|/'məutəwei/|n|高速公路; garage|/gə'rɑ:ʒ. 'gærɑ:ʒ/|n|车库，汽车修理厂，机库; parking|/'pɑ:kiŋ/|n|停车（活动）; cycle|/'saikl/|v|骑自行车；循环; driving licence|/ˈdraiviŋ ˈlaisəns/|n|驾驶执照; licence|/'laisns/|n|执照，许可证，特许,round|/raund/|adj|圆的；球形的; circle|/'sɜ:kl/|n|圆形；圆圈; triangle|/'traiæŋgl/|n|三角形; dot|/dɒt/|n|点，圆点，小数点; line|/lain/|n|线，线条；排 || traffic lights|/'træfik laits/|n pl|红绿灯,形状与线（锚词：wheel）；道路设施（锚词：motorway）,at the petrol station|在加油站; park the car|停车; a driving licence|驾照,今日回读：请重新朗读背诵第 57、72、80、83、85、86 天的句子。复现旧词：drive（第 42 天）、with / my / the（第 1 天）。扩展组里的 round / circle / triangle / dot / line（锚词 wheel）与 traffic lights（锚词 motorway）随扩展块回读。,"151,238,308,355,369,399,519,728,735,822,931,957,958,1071,1353,1360,1389,1450"
88,"I wake up, go out, get on, get off, enter at the entrance, sit down, take off the coat; turn on and turn off the TV, shut the door, exit.",我醒来、出门、上车、下车，从大门进学校，坐下、脱掉外套；晚上打开电视又关掉，关上房门，出去。,本句按一天的时间顺序串起短语动词。动词加小品词会组成新的意思：wake up（醒来）、go out（出去）、get on（上车）、get off（下车）、sit down（坐下）、take off（脱下）；turn on and turn off the TV 表示“打开又关掉电视”，宾语是代词时要放中间（turn it on）。enter 是“进入”，entrance 是名词“入口”，exit 表示“出去、出口”。,wake up|/weik ʌp/|phr v|醒来，唤醒; go out|/gou aut/|phr v|出去，熄灭，过时; get on|/get ɒn/|phr v|上车；进展；相处; get off|/get ɒf/|phr v|下来，脱下，出发; enter|/'entə/|v|进入；参加; sit down|/sit daun/|phr v|坐下; take off|/teik ɒf/|phr v|脱下；起飞; turn on|/tɜ:n ɒn/|phr v|打开，开启; turn off|/tɜ:n ɒf/|phr v|关掉，关上; shut|/ʃʌʃ/|v|关上; entrance|/'entrəns/|n|入口，进入; exit|/'eksit/|n|出口,close|/kləuz/|v|关，关闭；合上; put on|/put ɒn/|phr v|穿上，戴上；上演,开关反义复习（锚词：shut）,get on the bus|上公交车; turn on the TV|打开电视; sit down|坐下,今日回读：请重新朗读背诵第 58、73、81、84、86、87 天的句子。复现旧词：the bus（第 42 天）、the TV（第 79 天）、the coat（第 33 天）、the entrance? 本句新词。扩展组复习词 close（第 5 天）、put on（第 34 天）随扩展块回读。,"403,404,425,529,530,544,1136,1148,1266,1370,1371,1421"
89,"My brown leather boots and soft wool shoes are this year's type of fashion; gold, silver, plastic and metal are hard, but the paper is soft — Ella's hair is blonde.",我那双棕色皮靴和软羊毛鞋是今年的时尚款式；金、银、塑料和金属都是硬的，而纸是软的——埃拉的头发是金色的。,本句用材质形容词描述衣物。leather（皮革）、wool（羊毛）、plastic（塑料）、metal（金属）、paper（纸）都是不可数名词，直接放在名词前作定语（leather boots、wool shoes）；gold 与 silver 既是“金、银”两种材料，也是颜色词；brown 是棕色，blonde 专指头发“金黄色的”。type 表示“类型、款式”，soft 与 hard 是一对反义词。,brown|/braun/|adj|褐色的; leather|/'leðə/|n & adj|皮革; boot|/bu:t/|n|靴子; soft|/sɒft/|adj|软的，温和的，柔和的; wool|/wul/|n|羊毛；毛线; shoe|/ʃu:/|n|鞋; type|/taip/|n|类型，样式; fashion|/'fæʃən/|n|时尚，流行款式; gold|/gəuld/|n & adj|金子，黄金；金色的; silver|/'silvə/|n & adj|银；银色的; plastic|/'plæstik/|n & adj|塑料; metal|/'metəl/|n|金属; hard|/hɑ:d/|adj & adv|坚硬的；困难的; paper|/'peipə/|n & adj|纸，纸做的，文件; blonde|/blɔnd/|adj|（头发）金色的,uniform|/'ju:nifɒ:m/|n|制服; pyjamas|/pə'dʒɑ:məs/|n pl|睡衣; trainers|/'treinəz/|n pl|运动鞋,衣物补充（锚词：fashion）,a type of|一种; soft and hard|软的与硬的; leather shoes|皮鞋,今日回读：请重新朗读背诵第 59、74、82、85、87、88 天的句子。复现旧词：year（第 16 天）、hair（第 44 天）；Ella 是白名单人物（第 62 天起）。扩展组里的 uniform / pyjamas / trainers（锚词 fashion）随扩展块回读。,"128,138,163,444,540,582,715,790,927,979,1024,1123,1139,1181,1355,1388,1397,1478"
90,"When I grow up I would like to become a painter: my dream includes pictures, drawings, college, university, an advanced level diploma and work in a company — a teenager's dream.",等我长大了，我想当画家：我的梦想里有图画、素描、学院、大学、一张高级水平证书，还有在一家公司工作——一个青少年的梦想。,本句讲梦想。would like to do sth 表示“想要做某事”（比 want 更客气）；grow up 表示“长大”，become 表示“成为”；college（学院）与 university（大学）是升学路上的两级，an advanced level diploma 是“高级水平证书”；include 表示“包括”，后面接一串并列成分；teenager 指 13-19 岁的青少年。破折号后用 a teenager's dream 收尾。,grow up|/grəu ʌp/|phr v|长大，成长; would|/wud/|v|将；愿意; become|/bi'kʌm/|v|适合，变成，变得; dream|/dri:m/|n & v|梦，梦想; include|/in'klu:d/|v|包括，包含; picture|/'piktʃə/|n|图画，照片; drawing|/'drɒ:iŋ/|n|图画，素描; college|/'kɒlidʒ/|n|学院，大学，学会; university|/.ju:ni'vɜ:siti/|n|大学; advanced|/əd'vɑ:nst/|adj|在前的，高级的，先进的; level|/'levl/|n|水平，水准，平地; diploma|/di'pləumə/|n|文凭，毕业证书; company|/'kʌmpəni/|n|公司；陪伴; teenager|/'ti:nidʒə/|n|青少年（13-19岁）,success|/sək'ses/|n|成功，成就; prize|/praiz/|n|奖赏，奖品,成功之路（锚词：dream）,grow up|长大; would like to|想要（更客气）; a picture and a drawing|一幅画与一张素描,今日回读：请重新朗读背诵第 60、75、83、86、88、89 天的句子。复现旧词：painter（第 59 天）、work（第 59 天）、when（第 14 天）、a / my / in（第 1 天）。扩展组里的 success / prize（锚词 dream）随扩展块回读。,"14,104,269,274,343,363,364,564,646,726,966,1013,1237,1274,1398,1484"
91,"My pencil case is full of numbers: add a metre, a centimetre, a kilometre, a kilogram, a gram, a litre, half a mile and a foot — a bit extra.",我的笔袋里全是数字：把一米、一厘米、一千米、一千克、一克、一升、半英里和一英尺加起来——还多出一点点。,本句是度量衡的复习。metre（米）、centimetre（厘米）、kilometre（千米）、kilogram（千克）、gram（克）、litre（升）是公制单位，mile（英里）和 foot（英尺）是英制单位；a metre / a kilogram 这样的说法表示“一米、一千克”。full of 表示“装满……的”，add 是“加上”，half 是“一半”，a bit extra 是“多一点点”。,"pencil case|/'pensl keis/|n|铅笔盒; full of|/ful ɔv/|adj|充满…的; add|/æd/|v|加，增加; metre|/'mi:tə/|n|米，公尺; centimetre|/'senti,mi:tə(r)/|n|厘米，公分; kilometre|/'kiləjmi:tə(r)/|n|公里，千米; kilogram|/'kiləgræm/|n|千克，公斤; gram|/græm/|n|克（重量单位）; litre|/li:tə(r)/|n|升，公升; half|/hɑ:f/|n & pron|一半，半场，不完全; mile|/mail/|n|英里，很大距离; foot|/fut/|n|脚；英尺; bit|/bit/|n|一点，少量; extra|/'ekstrə/|det & adj|额外的，特别的",,,a metre long|一米长; full of water|装满水; a bit extra|多一点点,今日回读：请重新朗读背诵第 61、76、84、87、89、90 天的句子。复现旧词：numbers 之外的 one / two 等基数词已在第 8-9 天学过、my / is / a / and（第 1 天）。,"11,125,211,430,486,514,545,575,694,695,739,791,796,947"
92,"These things: I do them myself, you yourself, he himself, she herself, we ourselves, they themselves — and it itself; put those away, and instead we also read as well, actually.",这些事：我自己做，你自己做，他自己做，她自己做，我们自己做，他们自己做——还有它自己做；把那些收起来，我们反而是也在读书，实际上。,本句集中练反身代词：myself、yourself、himself、herself、itself、ourselves、themselves 用在动词后面，表示“自己（亲自）做”。these / those 是 this / that 的复数；away 与 put 连用表示“收起来”；instead 表示“反而、代替”；also 与 as well 都表示“也”，actually 表示“实际上”。,these|/ði:z/|det & pron|这些; myself|/mai'self/|pron|我自己，我亲自，我独自; yourself|/juə'self/|pron|你自己; himself|/him'self/|pron|他自己，他亲自; herself|/hɜ:'self/|pron|她自己，她亲自; ourselves|/.auə'selvz/|pron|我们自己; themselves|/ðəm'selvz/|pron|他们自己; itself|/it'self/|pron|它本身，它自己; those|/ðəuz/|det & pron|那些; away|/ə'wei/|adv|离去; instead|/in'sted/|adv|作为替代，反而; also|/'ɒ:lsəu/|adv|也，并且，同样地; as well|/æz wel/|adv|也; actually|/'æktʃuəli/|adv|实际上，事实上,as well as|/æz wel æz/|prep phr|也；和…一样; at the same time|/æt ðə seim taim/|adv|同时 || instead of|/in'sted ɒv/|prep phr|代替,也的家族（锚词：also）；替代（锚词：instead）,put away|收起来; instead of|代替; as well as|也，还有,今日回读：请重新朗读背诵第 62、77、85、88、90、91 天的句子。复现旧词：do / read / put（第 21、21、5 天）、I / you / he / she / we / they / it / them（第 1-3 天）。扩展组里的 as well as / at the same time（锚词 also）与 instead of（锚词 instead）随扩展块回读。,"10,37,72,73,76,82,603,607,655,656,673,838,913,1297,1300,1313,1498"
93,"Let me try: I start and finish the race, hit the ball against the wall, catch it, join them, follow it, move and rest, lie down — keep off the grass!",让我试试：我起跑又跑完全程，把球打到墙上、接住它，加入他们，跟着球跑，动一动再休息，躺下来——别踩草坪！,本句是一串动作动词。let sb do sth 表示“让某人做某事”（Let me try）；start 与 finish 是一对反义动词；hit 表示“打、撞”，against 表示“靠着、对着”（hit the ball against the wall）；join 是“加入”，follow 是“跟随”；rest 是“休息”，lie down 是“躺下”；keep off 表示“远离、不要踩”。,let|/let/|v|让，允许; try|/trai/|v|试，尝试; start|/stɑ:t/|v|开始，启动; finish|/'finiʃ/|v|完成，结束，用完; hit|/hit/|v|打，打击，打中; against|/ə'geinst/|prep|反对，对着，倚靠; catch|/kætʃ/|v|捕捉，抓住，赶上; join|/dʒɒin/|v|参加，加入; follow|/'fɒləu/|v|跟随，沿行，接着; move|/mu:v/|v|移动；搬家；感动; rest|/rest/|n & v|休息；其余; lie down|/lai daun/|phr v|躺下; keep|/ki:p/|v|保持，保存，继续不断; off|/ɒf/|adv|走开，掉，下,stop|/stɒp/|n & v|停止；车站,休息与停止（锚词：rest）,start and finish|开始并完成; join the team|加入队伍; keep off the grass|勿踏草坪,今日回读：请重新朗读背诵第 63、78、86、89、91、92 天的句子。复现旧词：race（第 46 天）、ball 与 wall（第 22、2 天）、grass（第 31 天）、them / it（第 18 天）。扩展组复习词 stop（第 24 天）随扩展块回读。,"24,206,466,484,611,682,690,724,729,826,891,1057,1215,1365"
94,"The living room, the sitting room, the dining room: a carpet, a light, a board, a roof, a pair of sheets — comfortable, still part of it; make up the bed.",客厅、起居室、餐厅：地毯、灯、木板、屋顶、一对床单——很舒服，仍然是它的一部分；铺好床。,本句复习家里的房间与物品。living room（客厅）、sitting room（起居室）、dining room（餐厅）都由“用途 + room”构成；carpet 是“地毯”，board 是“木板”，roof 是“屋顶”，light 是“灯”；a pair of 表示“一对、一双”；make up the bed 是“铺床”；still 表示“仍然”，part 表示“部分”。,living room|/'liviŋ ru:m/|n|客厅，起居室; sitting room|/'sitiŋ ru:m/|n|起居室; dining room|/'dainiŋ ru:m/|n|饭厅; carpet|/'kɑ:pit/|n|地毯，地毯状物; light|/lait/|n & adj|光，灯；轻的; board|/bɒ:d/|n|木板，板子; roof|/ru:f/|n|屋顶; pair|/peə/|n|一双，一对，一副; sheet|/ʃi:t/|n|床单；一张纸; comfortable|/'kʌmfətəbl/|adj|舒服的，轻松的; still|/stil/|adv|仍然; part|/pɑ:t/|n|部分，局部，零件; make up|/meik ʌp/|phr v|组成；编造；化妆,,,make up the bed|铺床; a pair of|一对，一双; in the living room|在客厅里,今日回读：请重新朗读背诵第 64、79、87、90、92、93 天的句子。复现旧词：room（第 2 天）、bed（第 4 天）、the / a / of（第 1 天）。,"131,199,273,340,732,742,765,925,933,1069,1119,1149,1220"
95,"Nature in spring: the island, the lake, the mountain, the air, space — alive; the sun burns in the east and the west; gas, electric lights, electricity — the season is fine.",春天的自然：岛屿、湖泊、高山、空气、太空——生机勃勃；太阳在东方和西方燃烧；天然气、电灯、电——这个季节真好。,本句复习自然与能源。nature 是“大自然”，alive 是形容词“活着的”（作表语或后置）；island（岛）、lake（湖）、mountain（山）、air（空气）、space（太空）都是名词；burn 表示“燃烧”，east / west 是“东、西”；gas（天然气）、electric（电的）、electricity（电）是一组能源词；season 是“季节”，spring 是“春天”。,"nature|/'neitʃə/|n|自然，大自然; spring|/spriŋ/|n|春天，弹簧，跳跃; island|/'ailənd/|n|岛，岛屿; lake|/leik/|n|湖; mountain|/'mauntin/|n|山，山脉; air|/eə/|n|空气；空中; space|/speis/|n|空间；太空; alive|/ə'laiv/|adj|活着的; burn|/bɜ:n/|v|烧，燃烧，烧毁; east|/i:st/|n, adj & adv|东方，东方的，向东方; west|/west/|n, adj & adv|西方；西的; gas|/gæs/|n|气体，汽油，瓦斯; electric|/i'lektik/|adj|电的，导电的，电动的; electricity|/.ilek'trisiti/|n|电，电流，电学; season|/'si:zn/|n|季节",smoke|/sməuk/|v|吸烟；烟,燃烧（锚词：burn）,in spring|在春天; in the east|在东方; electric lights|电灯,今日回读：请重新朗读背诵第 65、80、88、91、93、94 天的句子。复现旧词：sun（第 32 天）、fine（第 65 天）、the / in / and（第 1 天）。扩展组里的 smoke（锚词 burn）随扩展块回读。,"28,30,168,380,390,391,522,668,705,823,843,1100,1170,1196,1206,1446"
96,"Health: exercise at the sports centre — riding, dancing, fishing, a skateboard; good for the shoulder, the stomach, and I keep fit; I laugh, smile, sleep well, but I am sleepy.",健康：在体育中心锻炼——骑车、跳舞、钓鱼、玩滑板；对肩膀和胃都有好处，我保持健康；我笑、我微笑、睡得好，不过我有点困。,本句复习健康生活。health 是名词“健康”，healthy 才是形容词（第 69 天学过）；exercise 既是名词也是动词，keep fit 表示“保持健康”；riding、dancing、fishing 是 -ing 形式的运动名称；sleep 是“睡觉”，sleepy 是形容词“困的”；laugh 与 smile 是“大笑”和“微笑”。,health|/'helθ/|n|健康，卫生，蓬勃; exercise|/'eksəsaiz/|n & v|锻炼；练习; sports centre|/spɔ:ts ˈsentə/|n|体育中心，运动馆; riding|/'raidiŋ/|n|骑马（活动）; dancing|/'dænsiŋ/|n|舞蹈; fishing|/'fiʃiŋ/|n|钓鱼（活动）; skateboard|/'skeitbɔ:d/|n|滑板; shoulder|/'ʃəuldə/|n|肩膀; stomach|/'stʌmək/|n|胃，肚子; fit|/fit/|adj|健康的；合适的; laugh|/lɑ:f/|v|笑，大笑; smile|/smail/|n & v|微笑；笑容; sleep|/sli:p/|v|睡，睡觉; sleepy|/'sli:pi/|adj|困的；想睡的,get fit|/get fit/|v|健身,健身（锚词：exercise）,keep fit|保持健康; do exercise|做运动; sleep well|睡得好,今日回读：请重新朗读背诵第 66、81、89、92、94、95 天的句子。复现旧词：well（第 83 天）、good（第 50 天）、I / am / but / and（第 1 天）。扩展组里的 get fit（锚词 exercise）随扩展块回读。,"313,423,473,474,528,591,713,1063,1132,1157,1163,1164,1169,1205,1221"
97,"Holidays: I run along the canal path; a passenger on a scooter takes a seat — the same way for rich and poor; good luck, we are lucky, send a postcard.",假期：我沿着运河边的小路跑步；一个骑小轮摩托的乘客找了个位子坐下——富人和穷人走的是同一条路；祝好运，我们很幸运，寄一张明信片吧。,本句复习出行与邮政。Seaview 有一条 canal（运河），沿着它的小路叫 canal path，可以 run along（沿着……跑）；scooter 是“小轮摩托车”，passenger 是“乘客”，takes a seat 是“找个位子坐下”；way 表示“路、方式”，the same way 是“同一条路”；rich 与 poor 是一对反义形容词；luck 是名词“运气”，lucky 是形容词“幸运的”；send 是“寄、发送”。,"holidays|/'hɔlə,deiz/|n|假期，假日; run|/rʌn/|v|跑，奔跑；经营; canal|/kə'næl/|n|运河，水道，管; path|/pɑ:θ/|n|路径，小路，道路; passenger|/'pæsindʒə/|n|乘客，旅客; scooter|/'sku:tə/|n|小型摩托车，踏板车; seat|/si:t/|n|座位; same|/seim/|adj & pron|相同的，相同的人(或事物)，同样的; way|/wei/|n|路，路线；方法; rich|/ri:tʃ/|adj|富裕的；丰富的; poor|/puə. pɒ:/|adj|贫穷的；可怜的; luck|/lʌk/|n|运气，幸运，好运; lucky|/'lʌki/|adj|幸运的，吉祥的，好运的; send|/send/|v|发送；寄",by post|/bai pəust/|prep phr|邮寄；通过邮政; postcard|/'pəustkɑ:d/|n|明信片; stamp|/stæmp/|n|邮票；印章 || guest-house|/gest haus/|n|宾馆，家庭旅馆,邮政（锚词：way）；住宿（锚词：holidays）,good luck|祝好运; the same way|同一条路; send a postcard|寄明信片,今日回读：请重新朗读背诵第 67、82、90、93、95、96 天的句子。复现旧词：postcard（第 57 天）、take（第 46 天）、for / the / and（第 1 天）、we（第 1 天）。扩展组里的 by post（锚词 way）、postcard / stamp（第 57 天复习）与 guest-house（锚词 holidays）随扩展块回读。,"180,191,566,615,757,758,936,940,995,1061,1075,1085,1096,1101,1106,1432"
98,"Business: Dad builds machines in a factory; the department store is closed on Sunday, the shoppers fill in a form — a new building, working hours, and he earns the rent.",生意：爸爸在工厂里造机器；百货商店周日关门，顾客们填写表格——新大楼、工作时间，他挣出房租。,本句复习工作与商店。business 是“生意、business”，earn 是“挣钱”，rent 是“房租”，working hours 是“工作时间”；factory 是“工厂”，machine 是“机器”，build 是动词“建造”，building 是名词“建筑物”；department store 是“百货商店”（department 是“部门”，store 是“商店”）；closed 是形容词“关着的”，shopper 是“购物者”，form 是“表格”，fill in 表示“填写”。,business|/'biznis/|n|生意，事情，业务; build|/bild/|v|建立，建筑; machine|/mə'ʃi:n/|n|机器，机械装置，机构; factory|/'fæktəri/|n|工厂; department store|/di'pɑ:tmənt stɒ:/|n|百货商店; department|/di'pɑ:tmənt/|n|部门，系; store|/stɒ:/|n|商店；储存; closed|/kləuzd/|adj|关闭的，限于少数人的; shopper|/'ʃɒpə/|n|购物者; form|/fɒ:m/|n|表格；形式；种类; building|/'bildiŋ/|n|建筑物，建筑; working hours|/'wɜ:kiŋ auəz/|n pl|工作时间; earn|/ɜ:n/|v|赚得，获得，博得; rent|/rent/|v|租用；出租,shop|/ʃɒp/|n & v|商店；购物; supermarket|/'sju:pəmɑ:kit/|n|超级市场，超市; market|/'mɑ:kit/|n|市场，集市 || money|/'mʌni/|n|金钱，一笔款，财富; cash|/kæʃ/|n & v|现金，兑现; cheque|/tʃek/|n|支票; credit card|/'kredit kɑ:d/|n|信用卡,商店复习（锚词：store）；金钱复习（锚词：earn）,fill in a form|填写表格; a department store|百货商店; working hours|工作时间,今日回读：请重新朗读背诵第 68、83、91、94、96、97 天的句子。复现旧词：fill in（第 67 天扩展短语）、Sunday（第 15 天）、new（第 2 天）、Dad（第 3 天）。扩展组复习词 shop / supermarket / market（第 6 天）与 money / cash / cheque / credit card（第 35-36 天）随扩展块回读。,"165,166,170,255,329,330,379,433,494,761,1055,1127,1223,1481"
99,"In my pocket: my diary — the front, the side, the top, the bottom, the middle, the end; as busy as the north, the south — nobody can steal it this century.",口袋里：我的日记——正面、侧面、上面、下面、中间、末尾；像北方和南方一样忙碌——这个世纪没人能把它偷走。,本句复习方位与杂项词。front（前面）、side（侧面）、top（顶部）、bottom（底部）、middle（中间）、end（末尾）都是位置词；north / south 是“北、南”；pocket 是“口袋”；as ... as 表示“和……一样”（as busy as ...）；busy 是“忙碌的”，century 是“世纪”，steal 是“偷”。露西把这些词收进日记里一起复习。,"pocket|/'pɒkit/|n|口袋; front|/frʌnt/|n|前面，开头，前线; side|/said/|n|旁边；面，侧面; top|/tɒp/|n|顶部；上衣; bottom|/'bɒtəm/|n|底部; middle|/'midl/|n|中间，中央; end|/end/|v & n|结束，终结，终点; as|/æz/|prep|作为；像，如同; busy|/'bizi/|adj|忙的，忙碌的; north|/nɒ:θ/|n, adj & adv|北方；北的; south|/sauθ/|n, adj & adv|南方；南的; steal|/sti:l/|v|偷，窃取; century|/'sentʃuri/|n|世纪，百年","behind|/bi'haind/|adv & prep|在后地，在...背后; above|/ə'bʌv/|prep|在上方，超出; below|/bi'ləu/|prep|在下面; left|/left/|n, adj & adv|左边，左侧；左边的; right|/rait/|n, adj & adv|正确的；右边的；右边",方位复习（锚词：front）,in my pocket|在我口袋里; as busy as|和……一样忙; the end of the day|一天结束时,今日回读：请重新朗读背诵第 69、84、92、95、97、98 天的句子。复现旧词：diary（第 11 天）、nobody / can（第 18、23 天）、my / it / this（第 1-2 天）。扩展组复习词 behind / above / below / left / right（第 40 天）随扩展块回读。,"68,147,175,213,398,511,794,874,988,1138,1194,1219,1343"
100,"OK: able to write slowly with my left hand, no beginner; I prefer friendly smiles to loud, noisy ones — a hundred days, a variety, a friend, and an exciting end.",好了：我能够用左手慢慢地写字了，不再是初学者；比起又吵又闹的，我更喜欢友好的微笑——一百天、各种各样的故事、一个朋友，还有一个令人兴奋的结尾。,"本句是百天日记的收官句。OK 是最常用的口语应答；be able to do sth 表示“能够做某事”（able 常与 be 连用）；slowly 是 slow 加 -ly 构成的副词；left hand 表示“左手”；prefer A to B 表示“喜欢 A 胜过 B”（prefer friendly smiles to loud, noisy ones）；variety 是“各种各样”；friend 是名词，friendly 是形容词“友好的”。破折号后回望这一百天：一百天、许多故事、一个朋友。",OK|/'əu'kei/|exclam|好的；行；可以; able|/'eibl/|adj|能干的，能够的; slowly|/'sləuli/|adv|慢地; left hand|/left hænd/|n|左手; beginner|/bi'ginə/|n|初学者; prefer|/pri'fɜ:/|v|更喜欢; friendly|/'frendli/|adj|友好的，亲切的，互助的; loud|/laud/|adj|大声的; noisy|/'nɒizi/|adj|嘈杂的，喧闹的; variety|/və'raiəti/|n|多样，种类; friend|/frend/|n|朋友，支持者，赞助者; exciting|/ik'saitiŋ/|adj|令人兴奋的，刺激的,,,be able to|能够; prefer tea to coffee|喜欢茶胜过咖啡; left hand|左手,今日回读：请重新朗读背诵第 70、85、93、96、98、99 天的句子。复现旧词：write（第 21 天）、smile（第 96 天）、end（第 99 天）、my / I / a / with（第 1 天）；一百天的日记到此收官——一百天、许多故事、一个朋友。,"2,109,421,508,509,718,753,868,895,1008,1167,1408"
